iata nº,Ticket,Fecha,void,Línea,Tarifa,Efectivo,Tarjetas,imp total,iva,Comisión,Neto Final,Total Venta,Over,Exp.,iva,iva com,Comisión,Fact,Ruta
12345678,2618690450,22/09/2015,0,4M,1538.00,1538.00,1538.00,-1538.00,0.00,0.00,1538.00,1538.00,0.00,22944,-1538.00,0.00,0.00,0,COR/IGU/COR
12345678,2618690451,26/09/2015,0,LA,15228.00,15228.00,0.00,0.00,0.00,0.00,15228.00,15228.00,0.00,23065,0.00,0.00,0.00,0,COR/LIM/CUN/LIM/
12345678,9691170532,21/09/2015,0,4M,6438.00,6438.00,0.00,1033.84,0.00,64.38,7258.42,7288.42,128.00,22892,706.41,0.00,64.38,FAC-A-1348,IGR/AEP/BRC
12345678,9691170533,21/09/2015,0,G3,1810.00,1683.00,1800.00,1673.00,0.00,54.30,4062.20,3464.90,0.00,22896,-633.50,0.00,54.30,FAC-A-1346,COR/GRU/COR
12345678,9691170534,21/09/2015,0,KL,10740.00,10740.00,0.00,12090.20,0.00,107.40,27676.97,22403.82,531.00,22897,-5485.80,0.00,107.40,FAC-A-1345,EZE/AMS/EZE
12345678,9691170535,21/09/2015,0,AR,5956.00,5956.00,0.00,3297.00,0.00,178.68,11158.92,9074.32,0.00,22936,-2084.60,0.00,178.68,0,COR/AEP/FLN/AE
12345678,9691170536,21/09/2015,0,AR,5956.00,5956.00,0.00,3297.00,0.00,178.68,11158.92,9074.32,0.00,22936,-2084.60,0.00,178.68,0,COR/AEP/FLN/AE
12345678,9691170537,21/09/2015,1,4M,0.00,0.00,0.00,0.00,0.00,0.00,0.00,0.00,0.00,VOID,0.00,0.00,0.00,0,COR/AEP/COR
12345678,9691170538,21/09/2015,0,AR,1574.00,0.00,1574.00,318.98,0.00,47.22,1840.80,1870.80,0.00,22901,172.71,0.00,47.22,FAC-A-1351,COR/EZE/COR
12345678,9691170539,21/09/2015,0,AR,1574.00,0.00,1574.00,318.98,0.00,47.22,1840.80,1870.80,0.00,22901,172.71,0.00,47.22,FAC-A-1351,COR/EZE/COR
12345678,9691170540,21/09/2015,1,AR,0.00,0.00,0.00,0.00,0.00,0.00,0.00,0.00,0.00,VOID,0.00,0.00,0.00,0,TUC/AEP/GIG/EZE
12345678,9691170542,21/09/2015,0,LA,9380.00,9380.00,0.00,4586.16,0.00,0.00,17249.16,13966.16,0.00,22914,-3283.00,0.00,0.00,0,COR/LIM/HAV/LIM
12345678,9691170543,21/09/2015,0,LA,9380.00,9380.00,0.00,4586.16,0.00,0.00,17249.16,13966.16,0.00,22914,-3283.00,0.00,0.00,0,COR/LIM/HAV/LIM
12345678,9691170544,21/09/2015,0,LA,9380.00,9380.00,0.00,4586.16,0.00,0.00,17249.16,13966.16,0.00,22914,-3283.00,0.00,0.00,0,COR/LIM/HAV/LIM
12345678,9691170545,21/09/2015,0,LA,9380.00,9380.00,0.00,4586.16,0.00,0.00,17249.16,13966.16,0.00,22914,-3283.00,0.00,0.00,0,COR/LIM/HAV/LIM
12345678,9691170546,21/09/2015,0,LA,9380.00,9380.00,0.00,4586.16,0.00,0.00,17249.16,13966.16,0.00,22914,-3283.00,0.00,0.00,0,COR/LIM/HAV/LIM
12345678,9691170547,21/09/2015,0,LA,9380.00,9380.00,0.00,4586.16,0.00,0.00,17249.16,13966.16,0.00,22914,-3283.00,0.00,0.00,0,COR/LIM/HAV/LIM
12345678,9691170548,21/09/2015,0,LA,9380.00,161.66,13804.50,4586.16,0.00,0.00,17249.16,13966.16,0.00,22916,-3283.00,0.00,0.00,0,COR/LIM/HAV/LIM
12345678,9691170549,21/09/2015,0,LA,9380.00,161.66,13804.50,4586.16,0.00,0.00,17249.16,13966.16,0.00,22916,-3283.00,0.00,0.00,0,COR/LIM/HAV/LIM
12345678,9691170550,21/09/2015,0,LA,9380.00,161.66,13804.50,4586.16,0.00,0.00,17249.16,13966.16,0.00,22916,-3283.00,0.00,0.00,0,COR/LIM/HAV/LIM
12345678,9691170551,21/09/2015,0,LA,9380.00,161.66,13804.50,4586.16,0.00,0.00,17249.16,13966.16,0.00,22916,-3283.00,0.00,0.00,0,COR/LIM/HAV/LIM
12345678,9691170552,21/09/2015,0,LA,4896.00,4896.00,0.00,2839.50,0.00,48.96,9400.14,7735.50,0.00,22906,-1713.60,0.00,48.96,FAC-A-1354,COR/AEP/SCL/CO
12345678,9691170553,21/09/2015,0,AR,2569.00,2569.00,0.00,472.93,0.00,77.07,2956.77,2956.77,0.00,22903,281.88,0.00,77.07,0,COR/AEP/COR
12345678,9691170554,21/09/2015,0,TK,3366.00,3366.00,0.00,4243.60,0.00,0.00,9482.70,7609.60,0.00,22912,-1873.10,0.00,0.00,0,BCN/IST/EZE
12345678,9691170555,21/09/2015,0,TK,3366.00,3366.00,0.00,4243.60,0.00,0.00,9482.70,7609.60,0.00,22912,-1873.10,0.00,0.00,0,BCN/IST/EZE
12345678,9691170556,21/09/2015,0,TK,12860.00,12860.00,0.00,6001.20,0.00,128.60,23233.60,18861.20,0.00,22915,-4501.00,0.00,128.60,FAC-A-1360,EZE/IST/IST/EZE
12345678,9691170557,21/09/2015,0,TK,12860.00,12860.00,0.00,6001.20,0.00,128.60,23233.60,18861.20,0.00,22915,-4501.00,0.00,128.60,FAC-A-1360,EZE/IST/IST/EZE
12345678,9691170558,21/09/2015,0,EQ,3402.12,3402.12,0.00,0.00,0.00,0.00,3402.12,3589.72,0.00,22919,0.00,0.00,0.00,FAC-B-330,UIO/EZE/COR
12345678,9691170559,21/09/2015,0,AM,1454.00,1454.00,0.00,994.80,0.00,14.54,2944.76,2636.40,0.00,22918,-510.50,0.00,14.54,FAC-A-1361,MEX/CUN
12345678,9691170560,21/09/2015,0,AM,1454.00,1454.00,0.00,994.80,0.00,14.54,2944.76,2636.40,0.00,22918,-510.50,0.00,14.54,FAC-A-1361,MEX/CUN
12345678,9691170562,23/09/2015,0,AR,5168.00,0.00,5168.00,3049.12,0.00,155.04,7545.28,7803.68,516.00,22978,0.00,0.00,155.04,FAC-B-334,TUC/AEP/EZE/GIG
12345678,9691170564,21/09/2015,0,AR,5168.00,5168.00,0.00,3049.12,0.00,155.04,9354.08,7803.68,516.00,22978,-1808.80,0.00,155.04,FAC-B-334,TUC/AEP/GIG/EZE
12345678,9691170566,21/09/2015,1,LA,0.00,0.00,0.00,0.00,0.00,0.00,0.00,0.00,0.00,VOID,0.00,0.00,0.00,0,TUC/AEP/TUC
12345678,9691170567,21/09/2015,0,AR,1574.00,0.00,1574.00,318.98,0.00,47.22,1840.80,1870.80,0.00,22922,172.71,0.00,47.22,FAC-A-1386,COR/EZE/COR
12345678,9691170568,21/09/2015,0,AR,1574.00,0.00,1574.00,318.98,0.00,47.22,1840.80,1870.80,0.00,22922,172.71,0.00,47.22,FAC-A-1386,COR/EZE/COR
12345678,9691170569,21/09/2015,1,4M,0.00,0.00,0.00,0.00,0.00,0.00,0.00,0.00,0.00,VOID,0.00,0.00,0.00,0,TUC/AEP/TUC
12345678,9691170570,21/09/2015,0,4M,2137.00,2137.00,0.00,406.09,0.00,21.37,2472.25,2502.25,42.74,22923,234.48,0.00,21.37,FAC-A-1387,TUC/AEP/TUC
12345678,9691170571,22/09/2015,0,IB,7536.00,0.00,7536.00,10557.20,0.00,75.36,22238.74,18093.20,0.00,22930,-4220.90,0.00,75.36,FAC-A-1367,EZE/MAD/LIN/MA
12345678,9691170573,22/09/2015,0,IB,7536.00,0.00,7536.00,10557.20,0.00,75.36,22238.74,18093.20,0.00,22930,-4220.90,0.00,75.36,FAC-A-1367,EZE/MAD/LIN/MA
12345678,9691170575,22/09/2015,0,IB,7536.00,0.00,7536.00,10557.20,0.00,75.36,22238.74,18093.20,0.00,22930,-4220.90,0.00,75.36,FAC-A-1367,EZE/MAD/LIN/MA
12345678,9691170577,22/09/2015,0,IB,7536.00,0.00,7536.00,10557.20,0.00,75.36,22238.74,18093.20,0.00,22930,-4220.90,0.00,75.36,FAC-A-1367,EZE/MAD/LIN/MA
12345678,9691170579,22/09/2015,0,LA,7888.00,2419.73,9450.00,3981.73,0.00,0.00,14235.99,11475.33,394.00,22943,-2760.66,0.00,0.00,0,COR/LIM/CUN/LIM/
12345678,9691170580,22/09/2015,0,LA,7700.00,4155.83,8000.00,4455.83,0.00,0.00,14465.76,11770.83,385.00,22942,-2694.93,0.00,0.00,FAC-A-1374,COR/LIM/PUJ/LIM/
12345678,9691170581,22/09/2015,0,LA,7700.00,7700.00,0.00,4455.83,0.00,0.00,14465.76,11770.83,385.00,22942,-2694.93,0.00,0.00,FAC-A-1374,COR/LIM/PUJ/LIM/
12345678,9691170583,22/09/2015,0,LA,7700.00,7700.00,0.00,4455.83,0.00,0.00,14465.76,11770.83,385.00,22941,-2694.93,0.00,0.00,0,COR/LIM/PUJ/LIM/
12345678,9691170584,22/09/2015,0,LA,7700.00,7700.00,0.00,4455.83,0.00,0.00,14465.76,11770.83,385.00,22941,-2694.93,0.00,0.00,0,COR/LIM/PUJ/LIM/
12345678,9691170586,22/09/2015,0,LA,2654.00,2654.00,0.00,486.08,0.00,26.54,3052.10,3052.10,53.08,22940,291.21,0.00,26.54,0,COR/AEP/COR
12345678,9691170587,22/09/2015,0,LA,2490.00,2490.00,0.00,460.71,0.00,24.90,2593.02,2593.02,298.00,22939,273.22,0.00,24.90,0,COR/AEP/COR
12345678,9691170588,22/09/2015,0,JJ,1952.00,0.00,1952.00,825.20,0.00,19.52,3439.88,2777.20,0.00,22937,-682.20,0.00,19.52,FAC-A-1373,IGU/GRU/BPS/GR
12345678,9691170589,22/09/2015,0,JJ,1952.00,0.00,1952.00,825.20,0.00,19.52,3439.88,2777.20,0.00,22937,-682.20,0.00,19.52,FAC-A-1373,IGU/GRU/BPS/GR
12345678,9691170590,22/09/2015,0,JJ,1173.00,0.00,1173.00,552.20,0.00,11.73,2122.67,1725.20,0.00,22937,-409.20,0.00,11.73,FAC-A-1373,IGU/GRU/BPS/GR
12345678,9691170593,22/09/2015,0,LA,5903.00,0.00,5903.00,3552.60,0.00,59.03,10577.22,8747.24,885.00,22945,-2066.10,0.00,59.03,FAC-A-1375,COR/SCL/MIA/SC
12345678,9691170594,22/09/2015,0,LA,5903.00,0.00,5903.00,3552.60,0.00,59.03,10577.22,8747.24,885.00,22945,-2066.10,0.00,59.03,FAC-A-1375,COR/SCL/MIA/SC
12345678,9691170595,22/09/2015,0,JJ,1952.00,0.00,1952.00,825.20,0.00,19.52,3439.88,2777.20,0.00,22946,-682.20,0.00,19.52,FAC-A-1376,IGU/GRU/BPS/GR
12345678,9691170596,22/09/2015,0,JJ,1952.00,0.00,1952.00,825.20,0.00,19.52,3439.88,2777.20,0.00,22946,-682.20,0.00,19.52,FAC-A-1376,IGU/GRU/BPS/GR
12345678,9691170597,22/09/2015,0,JJ,1173.00,0.00,1173.00,552.20,0.00,11.73,2122.67,1725.20,0.00,22946,-409.20,0.00,11.73,FAC-A-1376,IGU/GRU/BPS/GR
12345678,9691170598,22/09/2015,0,JJ,1173.00,0.00,1173.00,552.20,0.00,11.73,2122.67,1725.20,0.00,22946,-409.20,0.00,11.73,FAC-A-1376,IGU/GRU/BPS/GR
12345678,9691170599,22/09/2015,0,AR,6419.00,2431.50,7500.00,3512.50,0.00,192.57,11343.73,9417.98,641.00,22951,-2246.70,0.00,192.57,FAC-B-329,TUC/AEP/GIG/AEP
12345678,9691203500,22/09/2015,0,AR,6419.00,6419.00,0.00,3512.50,0.00,192.57,11343.73,9417.98,641.00,22951,-2246.70,0.00,192.57,FAC-B-329,TUC/AEP/GIG/AEP
12345678,9691203501,22/09/2015,0,AR,4993.00,4993.00,0.00,2942.10,0.00,149.79,9033.61,7535.66,499.00,22951,-1747.60,0.00,149.79,FAC-B-329,TUC/AEP/GIG/AEP
12345678,9691203502,22/09/2015,1,QR,0.00,0.00,0.00,0.00,0.00,0.00,0.00,0.00,0.00,VOID,0.00,0.00,0.00,0,EZE/DOH/PER
12345678,9691203503,22/09/2015,0,AR,2607.00,0.00,2607.00,478.73,0.00,78.21,2999.31,3029.36,0.00,22952,286.00,0.00,78.21,FAC-A-1385,TUC/AEP/TUC
12345678,9691203504,22/09/2015,0,QR,10708.00,10708.00,0.00,9538.80,0.00,107.08,23327.97,19185.64,169.00,22954,-4884.40,0.00,107.08,FAC-A-1380,EZE/DOH/PER
12345678,9691203505,23/09/2015,0,LH,2341.00,2341.00,0.00,1925.70,0.00,0.00,5293.40,4454.50,0.00,22955,-1026.70,0.00,0.00,FAC-A-1393,BUD/FRA
12345678,9691203506,23/09/2015,0,LH,2341.00,2341.00,0.00,1925.70,0.00,0.00,5293.40,4454.50,0.00,22955,-1026.70,0.00,0.00,FAC-A-1393,BUD/FRA
12345678,9691203507,23/09/2015,0,CM,4879.16,4879.16,0.00,0.00,0.00,0.00,4879.16,5066.96,0.00,22961,0.00,0.00,0.00,FAC-A-1397,ASU/PTY/CUN/PT
12345678,9691203508,23/09/2015,1,4M,0.00,0.00,0.00,0.00,0.00,0.00,0.00,0.00,0.00,VOID,0.00,0.00,0.00,0,EZE/LIM/HAV/LIM/
12345678,9691203509,23/09/2015,1,4M,0.00,0.00,0.00,0.00,0.00,0.00,0.00,0.00,0.00,VOID,0.00,0.00,0.00,0,EZE/LIM/HAV/LIM/
12345678,9691203510,23/09/2015,1,4M,0.00,0.00,0.00,0.00,0.00,0.00,0.00,0.00,0.00,VOID,0.00,0.00,0.00,0,EZE/LIM/HAV/LIM/
12345678,9691203511,23/09/2015,1,4M,0.00,0.00,0.00,0.00,0.00,0.00,0.00,0.00,0.00,VOID,0.00,0.00,0.00,0,EZE/LIM/HAV/LIM/
12345678,9691203512,23/09/2015,1,4M,0.00,0.00,0.00,0.00,0.00,0.00,0.00,0.00,0.00,VOID,0.00,0.00,0.00,0,EZE/LIM/HAV/LIM/
12345678,9691203513,23/09/2015,1,4M,0.00,0.00,0.00,0.00,0.00,0.00,0.00,0.00,0.00,VOID,0.00,0.00,0.00,0,EZE/LIM/HAV/LIM/
12345678,9691203514,23/09/2015,1,4M,0.00,0.00,0.00,0.00,0.00,0.00,0.00,0.00,0.00,VOID,0.00,0.00,0.00,0,EZE/LIM/HAV/LIM/
12345678,9691203515,23/09/2015,1,4M,0.00,0.00,0.00,0.00,0.00,0.00,0.00,0.00,0.00,VOID,0.00,0.00,0.00,0,EZE/LIM/HAV/LIM/
12345678,9691203516,23/09/2015,0,4M,9259.00,9259.00,0.00,4538.80,0.00,92.59,16945.91,14126.45,0.00,22579,-3240.70,0.00,92.59,FAC-A-1412,EZE/LIM/HAV/LIM/
12345678,9691203517,23/09/2015,0,4M,9259.00,9259.00,0.00,4538.80,0.00,92.59,16945.91,14126.45,0.00,22579,-3240.70,0.00,92.59,FAC-A-1412,EZE/LIM/HAV/LIM/
12345678,9691203518,23/09/2015,0,4M,9259.00,9259.00,0.00,4538.80,0.00,92.59,16945.91,14126.45,0.00,22579,-3240.70,0.00,92.59,FAC-A-1412,EZE/LIM/HAV/LIM/
12345678,9691203519,23/09/2015,0,4M,9259.00,9259.00,0.00,4538.80,0.00,92.59,16945.91,14126.45,0.00,22579,-3240.70,0.00,92.59,FAC-A-1412,EZE/LIM/HAV/LIM/
12345678,9691203520,23/09/2015,0,4M,9259.00,9259.00,0.00,4538.80,0.00,92.59,16945.91,14126.45,0.00,22579,-3240.70,0.00,92.59,FAC-A-1412,EZE/LIM/HAV/LIM/
12345678,9691203521,23/09/2015,0,4M,9259.00,9259.00,0.00,4538.80,0.00,92.59,16945.91,14126.45,0.00,22579,-3240.70,0.00,92.59,FAC-A-1412,EZE/LIM/HAV/LIM/
12345678,9691203522,23/09/2015,0,4M,9259.00,9259.00,0.00,4538.80,0.00,92.59,16945.91,14126.45,0.00,22579,-3240.70,0.00,92.59,FAC-A-1412,EZE/LIM/HAV/LIM/
12345678,9691203523,23/09/2015,0,4M,9259.00,9259.00,0.00,4538.80,0.00,92.59,16945.91,14126.45,0.00,22579,-3240.70,0.00,92.59,FAC-A-1412,EZE/LIM/HAV/LIM/
12345678,9691203524,23/09/2015,0,4M,9259.00,9259.00,0.00,4538.80,0.00,92.59,16945.91,14126.45,0.00,22579,-3240.70,0.00,92.59,FAC-A-1412,EZE/LIM/HAV/LIM/
12345678,9691203525,23/09/2015,0,4M,9259.00,9259.00,0.00,4538.80,0.00,92.59,16945.91,14126.45,0.00,22965,-3240.70,0.00,92.59,FAC-A-1382,EZE/LIM/HAV/LIM/
12345678,9691203526,23/09/2015,0,4M,9259.00,9259.00,0.00,4538.80,0.00,92.59,16945.91,14126.45,0.00,22965,-3240.70,0.00,92.59,FAC-A-1382,EZE/LIM/HAV/LIM/
12345678,9691203527,23/09/2015,0,4M,9259.00,9259.00,0.00,4538.80,0.00,92.59,16945.91,14126.45,0.00,22965,-3240.70,0.00,92.59,FAC-A-1382,EZE/LIM/HAV/LIM/
12345678,9691203528,23/09/2015,0,4M,9259.00,9259.00,0.00,4538.80,0.00,92.59,16945.91,14126.45,0.00,22965,-3240.70,0.00,92.59,FAC-A-1382,EZE/LIM/HAV/LIM/
12345678,9691203529,23/09/2015,0,4M,9259.00,9259.00,0.00,4538.80,0.00,92.59,16945.91,14126.45,0.00,22965,-3240.70,0.00,92.59,FAC-A-1382,EZE/LIM/HAV/LIM/
12345678,9691203530,23/09/2015,0,4M,9259.00,9259.00,0.00,4538.80,0.00,92.59,16945.91,14126.45,0.00,22965,-3240.70,0.00,92.59,FAC-A-1382,EZE/LIM/HAV/LIM/
12345678,9691203531,23/09/2015,0,4M,9259.00,9259.00,0.00,4538.80,0.00,92.59,16945.91,14126.45,0.00,22965,-3240.70,0.00,92.59,FAC-A-1382,EZE/LIM/HAV/LIM/
12345678,9691203532,23/09/2015,0,4M,9259.00,9259.00,0.00,4538.80,0.00,92.59,16945.91,14126.45,0.00,22965,-3240.70,0.00,92.59,FAC-A-1382,EZE/LIM/HAV/LIM/
12345678,9691203533,23/09/2015,1,4M,0.00,0.00,0.00,0.00,0.00,0.00,0.00,0.00,0.00,VOID,0.00,0.00,0.00,0,EZE/LIM/HAV/LIM/
12345678,9691203534,23/09/2015,0,4M,9259.00,9259.00,0.00,4538.80,0.00,92.59,16945.91,14126.45,0.00,22965,-3240.70,0.00,92.59,FAC-A-1382,EZE/LIM/HAV/LIM/
12345678,9691203535,23/09/2015,0,4M,9259.00,9259.00,0.00,4538.80,0.00,92.59,16945.91,14126.45,0.00,22966,-3240.70,0.00,92.59,FAC-A-1383,EZE/LIM/HAV/LIM/
12345678,9691203536,23/09/2015,0,4M,9259.00,9259.00,0.00,4538.80,0.00,92.59,16945.91,14126.45,0.00,22966,-3240.70,0.00,92.59,FAC-A-1383,EZE/LIM/HAV/LIM/
12345678,9691203537,23/09/2015,0,4M,9259.00,9259.00,0.00,4538.80,0.00,92.59,16945.91,14126.45,0.00,22966,-3240.70,0.00,92.59,FAC-A-1383,EZE/LIM/HAV/LIM/
12345678,9691203538,23/09/2015,1,AF,0.00,0.00,0.00,0.00,0.00,0.00,0.00,0.00,0.00,VOID,0.00,0.00,0.00,0,EZE/CDG/AGP/CD
12345678,9691203539,23/09/2015,0,AF,12639.00,12639.00,0.00,13132.40,0.00,126.39,31171.78,25771.40,625.00,22962,-6152.40,0.00,126.39,FAC-A-1381,EZE/CDG/AGP/CD
12345678,9691203540,23/09/2015,0,4M,9259.00,9259.00,0.00,4538.80,0.00,92.59,16945.91,14126.45,0.00,22966,-3240.70,0.00,92.59,FAC-A-1383,EZE/LIM/HAV/LIM/
12345678,9691203541,23/09/2015,0,4M,1883.00,1883.00,0.00,366.71,0.00,18.83,1979.22,1937.65,225.00,22972,206.56,0.00,18.83,0,COR/AEP/COR
12345678,9691203542,23/09/2015,0,4M,1962.00,1962.00,0.00,379.01,0.00,19.62,2059.17,2015.81,235.00,22972,215.28,0.00,19.62,0,COR/AEP/COR
12345678,9691203543,23/09/2015,0,LA,7606.00,7606.00,0.00,4114.30,0.00,0.00,14002.06,11340.00,380.00,23004,-2662.06,0.00,0.00,FAC-A-1426,COR/LIM/CUN/LIM/
12345678,9691203544,23/09/2015,0,LA,7606.00,7606.00,0.00,4114.30,0.00,0.00,14002.06,11340.00,380.00,23004,-2662.06,0.00,0.00,FAC-A-1426,COR/LIM/CUN/LIM/
12345678,9691203547,23/09/2015,0,4M,2014.00,0.00,2014.00,387.06,0.00,20.14,2334.30,2364.29,40.28,22977,220.99,0.00,20.14,FAC-B-333,MDZ/AEP/MDZ
12345678,9691203548,23/09/2015,0,4M,2014.00,0.00,2014.00,387.06,0.00,20.14,2334.30,2364.29,40.28,22977,220.99,0.00,20.14,FAC-B-333,MDZ/AEP/MDZ
12345678,9691203549,23/09/2015,1,LA,0.00,0.00,0.00,0.00,0.00,0.00,0.00,0.00,0.00,VOID,0.00,0.00,0.00,0,MDZ/AEP/MDZ
12345678,9691203550,23/09/2015,1,LA,0.00,0.00,0.00,0.00,0.00,0.00,0.00,0.00,0.00,VOID,0.00,0.00,0.00,0,MDZ/AEP/MDZ
12345678,9691203551,23/09/2015,0,4M,1350.00,0.00,1350.00,284.24,0.00,13.50,1589.49,1619.54,27.00,22977,148.07,0.00,13.50,FAC-B-333,MDZ/AEP/MDZ
12345678,9691203552,23/09/2015,0,4M,1350.00,1350.00,0.00,284.24,0.00,13.50,1589.49,1619.54,27.00,22977,148.07,0.00,13.50,FAC-B-333,MDZ/AEP/MDZ
12345678,9691203553,23/09/2015,0,JJ,20029.00,20029.00,0.00,8901.40,0.00,200.29,33737.41,27328.08,200.00,22979,-7010.20,0.00,200.29,FAC-B-335,COR/GRU/MAD/G
12345678,9691203554,23/09/2015,0,LA,8169.00,0.00,8169.00,4339.66,0.00,0.00,15367.91,12508.66,0.00,23003,-2859.25,0.00,0.00,0,COR/LIM/CUN/LIM/
12345678,9691203555,23/09/2015,0,LA,8169.00,0.00,8169.00,4339.66,0.00,0.00,15367.91,12508.66,0.00,23003,-2859.25,0.00,0.00,0,COR/LIM/CUN/LIM/
12345678,9691203556,23/09/2015,0,LA,8169.00,0.00,8169.00,4339.66,0.00,0.00,15367.91,12508.66,0.00,23003,-2859.25,0.00,0.00,0,COR/LIM/CUN/LIM/
12345678,9691203557,24/09/2015,0,LA,8169.00,0.00,8169.00,4339.66,0.00,0.00,12508.66,12508.66,0.00,23003,0.00,0.00,0.00,0,COR/LIM/CUN/LIM/
12345678,9691203558,23/09/2015,0,LA,8169.00,11351.10,1157.56,4339.66,0.00,0.00,15367.91,12508.66,0.00,23003,-2859.25,0.00,0.00,0,COR/LIM/CUN/LIM/
12345678,9691203559,23/09/2015,0,LA,10611.00,10611.00,0.00,5620.18,0.00,0.00,19944.92,16231.18,0.00,23002,-3713.74,0.00,0.00,0,COR/LIM/PUJ/LIM/
12345678,9691203560,23/09/2015,0,LA,10611.00,10611.00,0.00,5620.18,0.00,0.00,19944.92,16231.18,0.00,23002,-3713.74,0.00,0.00,0,COR/LIM/PUJ/LIM/
12345678,9691203561,23/09/2015,0,LA,10611.00,10611.00,0.00,5620.18,0.00,0.00,19944.92,16231.18,0.00,23002,-3713.74,0.00,0.00,0,COR/LIM/PUJ/LIM/
12345678,9691203562,23/09/2015,0,LA,10611.00,10611.00,0.00,5620.18,0.00,0.00,19944.92,16231.18,0.00,23002,-3713.74,0.00,0.00,0,COR/LIM/PUJ/LIM/
12345678,9691203563,23/09/2015,0,AR,1993.00,1993.00,0.00,346.09,0.00,59.79,2273.02,2263.61,0.00,23008,218.68,0.00,59.79,0,COR/NQN
12345678,9691203565,23/09/2015,0,LA,5906.00,0.00,5906.00,3554.30,0.00,59.06,10582.44,8751.58,885.00,22982,-2067.10,0.00,59.06,FAC-A-1411,COR/SCL/MIA/SC
12345678,9691203566,24/09/2015,0,AR,1785.00,1664.50,1785.00,1664.50,0.00,53.55,4020.75,3395.95,0.00,23007,-624.80,0.00,53.55,0,COR/AEP/GRU/AE
12345678,9691203567,24/09/2015,0,AV,10917.00,10917.00,0.00,5743.30,0.00,109.17,20372.13,16848.20,0.00,22989,-3821.00,0.00,109.17,FAC-A-1436,EZE/BOG/PUJ/LIM
12345678,9691203568,24/09/2015,0,AV,10917.00,10917.00,0.00,5743.30,0.00,109.17,20372.13,16848.20,0.00,22989,-3821.00,0.00,109.17,FAC-A-1436,EZE/BOG/PUJ/LIM
12345678,9691203569,24/09/2015,0,AR,2032.00,0.00,2032.00,389.84,0.00,60.96,2354.48,2384.48,0.00,22991,222.96,0.00,60.96,FAC-B-340,MDZ/AEP/MDZ
12345678,9691203570,24/09/2015,0,AR,2032.00,0.00,2032.00,389.84,0.00,60.96,2354.48,2384.48,0.00,22991,222.96,0.00,60.96,FAC-B-340,MDZ/AEP/MDZ
12345678,9691203571,24/09/2015,0,4M,9263.00,9263.00,0.00,4540.70,0.00,92.63,16945.76,14132.35,7.41,22992,-3242.10,0.00,92.63,FAC-A-1413,COR/LIM/HAV/LIM
12345678,9691203572,24/09/2015,0,4M,9263.00,9263.00,0.00,4540.70,0.00,92.63,16945.76,14132.35,7.41,22992,-3242.10,0.00,92.63,FAC-A-1413,COR/LIM/HAV/LIM
12345678,9691203573,24/09/2015,0,LA,5252.00,5252.00,0.00,2748.20,0.00,52.52,9785.88,8000.20,0.00,22993,-1838.20,0.00,52.52,FAC-A-1435,IGU/GRU/BOG/LIM
12345678,9691203574,24/09/2015,0,LA,5252.00,5252.00,0.00,2748.20,0.00,52.52,9785.88,8000.20,0.00,22993,-1838.20,0.00,52.52,FAC-A-1435,IGU/GRU/BOG/LIM
12345678,9691203575,24/09/2015,0,AR,4547.00,0.00,4547.00,2764.50,0.00,136.41,8311.89,6856.80,454.00,23006,-1591.50,0.00,136.41,FAC-B-336,TUC/AEP/GIG/EZE
12345678,9691203577,24/09/2015,0,AR,4547.00,0.00,4547.00,2764.50,0.00,136.41,8311.89,6856.80,454.00,23006,-1591.50,0.00,136.41,FAC-B-336,TUC/AEP/GIG/EZE
12345678,9691203579,24/09/2015,0,AR,3579.00,4579.30,1377.00,2377.30,0.00,107.37,6743.73,5598.40,357.00,23006,-1252.70,0.00,107.37,FAC-B-336,TUC/AEP/GIG/EZE
12345678,9691203581,24/09/2015,0,LA,8169.00,0.00,8169.00,4339.66,0.00,0.00,15367.91,12508.66,0.00,23014,-2859.25,0.00,0.00,0,COR/LIM/CUN/LIM/
12345678,9691203582,24/09/2015,0,LA,8169.00,1293.32,11215.34,4339.66,0.00,0.00,15367.91,12508.66,0.00,23014,-2859.25,0.00,0.00,0,COR/LIM/CUN/LIM/
12345678,9691203583,24/09/2015,1,JJ,0.00,0.00,0.00,0.00,0.00,0.00,0.00,0.00,0.00,VOID,0.00,0.00,0.00,0,COR/GRU/CDG/M
12345678,9691203585,24/09/2015,1,JJ,0.00,0.00,0.00,0.00,0.00,0.00,0.00,0.00,0.00,VOID,0.00,0.00,0.00,0,COR/GRU/CDG/M
12345678,9691203587,24/09/2015,1,JJ,0.00,0.00,0.00,0.00,0.00,0.00,0.00,0.00,0.00,VOID,0.00,0.00,0.00,0,COR/GRU/CDG/M
12345678,9691203589,24/09/2015,0,JJ,11359.00,11359.00,0.00,5648.50,0.00,113.59,20869.61,17007.50,0.00,23015,-3975.70,0.00,113.59,FAC-A-1423,COR/GRU/CDG/M
12345678,9691203591,24/09/2015,0,JJ,11359.00,11359.00,0.00,5648.50,0.00,113.59,20869.61,17007.50,0.00,23015,-3975.70,0.00,113.59,FAC-A-1423,COR/GRU/CDG/M
12345678,9691203593,24/09/2015,0,JJ,11359.00,11359.00,0.00,5648.50,0.00,113.59,20869.61,17007.50,0.00,23015,-3975.70,0.00,113.59,FAC-A-1423,COR/GRU/CDG/M
12345678,9691203595,24/09/2015,0,AR,5581.00,5404.20,5750.00,5573.20,0.00,167.43,13407.07,11098.39,0.00,23016,-2420.30,0.00,167.43,FAC-B-337,CCS/EZE/COR/EZ
12345678,9691203596,24/09/2015,0,AR,5581.00,5581.00,0.00,5573.20,0.00,167.43,13407.07,11098.39,0.00,23016,-2420.30,0.00,167.43,FAC-B-337,CCS/EZE/COR/EZ
12345678,9691203597,24/09/2015,0,AR,3739.00,3739.00,0.00,4799.40,0.00,112.17,10201.83,8501.01,0.00,23016,-1775.60,0.00,112.17,FAC-B-337,CCS/EZE/COR/EZ
12345678,9691225502,24/09/2015,0,LA,8446.00,8446.00,0.00,4566.10,0.00,84.46,15630.36,12927.64,253.00,23017,-2956.10,0.00,84.46,FAC-A-1424,COR/LIM/BOG/CT
12345678,9691225504,24/09/2015,0,LA,8446.00,8446.00,0.00,4566.10,0.00,84.46,15630.36,12927.64,253.00,23017,-2956.10,0.00,84.46,FAC-A-1424,COR/LIM/BOG/CT
12345678,9691225507,24/09/2015,0,LA,12890.00,12890.00,0.00,5991.40,0.00,128.90,21975.00,17463.50,128.00,23019,-4511.50,0.00,128.90,0,COR/LIM/HAV/LIM
12345678,9691225508,24/09/2015,1,AR,0.00,0.00,0.00,0.00,0.00,0.00,0.00,0.00,0.00,VOID,0.00,0.00,0.00,0,COR/MDZ/COR
12345678,9691225509,24/09/2015,1,AR,0.00,0.00,0.00,0.00,0.00,0.00,0.00,0.00,0.00,VOID,0.00,0.00,0.00,0,COR/MDZ/COR
12345678,9691225510,24/09/2015,0,AR,2423.00,2423.00,0.00,450.34,0.00,72.69,2793.02,2823.02,0.00,23020,265.86,0.00,72.69,FAC-B-338,COR/MDZ/COR
12345678,9691225511,24/09/2015,0,AR,2423.00,2423.00,0.00,450.34,0.00,72.69,2793.02,2823.02,0.00,23020,265.86,0.00,72.69,FAC-B-338,COR/MDZ/COR
12345678,9691225512,24/09/2015,0,AR,3495.00,0.00,3495.00,2314.00,0.00,104.85,6577.95,5529.40,349.00,23021,-1223.30,0.00,104.85,FAC-A-1425,COR/EZE/SSA/EZ
12345678,9691225513,24/09/2015,0,AR,3495.00,0.00,3495.00,2314.00,0.00,104.85,6577.95,5529.40,349.00,23021,-1223.30,0.00,104.85,FAC-A-1425,COR/EZE/SSA/EZ
12345678,9691225514,25/09/2015,0,AA,15040.00,15040.00,0.00,7898.30,0.00,150.40,28051.90,22938.30,0.00,23024,-5264.00,0.00,150.40,FAC-A-1443,COR/SCL/MIA/DC
12345678,9691225516,25/09/2015,0,AA,4644.00,0.00,4644.00,2742.30,0.00,0.00,9011.70,7480.30,0.00,23027,-1625.40,0.00,0.00,FAC-A-1438,JFK/CUN/CLT/BO
12345678,9691225517,25/09/2015,0,JJ,11365.00,0.00,11365.00,5650.60,0.00,113.65,20879.75,17015.60,0.00,23028,-3977.80,0.00,113.65,FAC-A-1442,COR/GRU/CDG/M
12345678,9691225519,25/09/2015,0,AR,3090.00,3090.00,0.00,553.54,0.00,92.70,3541.11,3571.11,0.00,23026,339.05,0.00,92.70,FAC-A-1437,COR/BRC/COR
12345678,9691225520,25/09/2015,0,AR,3090.00,3090.00,0.00,553.54,0.00,92.70,3541.11,3571.11,0.00,23026,339.05,0.00,92.70,FAC-A-1437,COR/BRC/COR
12345678,9691225521,25/09/2015,0,AZ,4244.00,3815.60,1500.00,1071.60,0.00,0.00,18529.70,15315.60,0.00,23030,-13214.10,0.00,0.00,FAC-A-1439,EZE/FCO/MAD/FC
12345678,9691225523,25/09/2015,0,AZ,4244.00,4244.00,0.00,11071.60,0.00,42.44,18487.26,15315.60,0.00,23030,-3214.10,0.00,42.44,FAC-A-1439,EZE/FCO/MAD/FC
12345678,9691225525,25/09/2015,0,4M,3412.00,0.00,3412.00,603.36,0.00,34.12,3902.25,3932.25,68.24,23035,374.38,0.00,34.12,FAC-A-1455,TUC/AEP/IGR/AEP
12345678,9691225526,25/09/2015,0,4M,3412.00,0.00,3412.00,603.36,0.00,34.12,3902.25,4050.48,68.24,23035,250.83,0.00,34.12,FAC-A-1455,TUC/AEP/IGR/AEP
12345678,9691225527,25/09/2015,0,4M,2286.00,0.00,2286.00,429.14,0.00,22.86,2639.36,2551.13,45.72,23035,374.38,0.00,22.86,FAC-A-1455,TUC/AEP/IGR/AEP
12345678,9691225528,25/09/2015,0,JJ,2707.00,0.00,2707.00,1108.80,0.00,27.07,4734.83,3815.80,0.00,23035,-946.10,0.00,27.07,FAC-A-1455,IGU/GRU/MCZ/BS
12345678,9691225529,25/09/2015,0,JJ,2707.00,0.00,2707.00,1108.80,0.00,27.07,4734.83,3815.80,0.00,23035,-946.10,0.00,27.07,FAC-A-1455,IGU/GRU/MCZ/BS
12345678,9691225530,25/09/2015,0,JJ,1889.00,0.00,1889.00,824.90,0.00,18.89,3357.21,2713.90,0.00,23035,-662.20,0.00,18.89,FAC-A-1455,IGU/GRU/MCZ/BS
12345678,9691225531,25/09/2015,0,EK,7294.00,7294.00,0.00,11816.40,0.00,218.82,23464.58,19888.80,0.00,23045,-4573.00,0.00,218.82,FAC-A-1464,EZE/DXB/EZE
12345678,9691225532,25/09/2015,0,CM,11590.00,0.00,11590.00,5676.40,0.00,115.90,21207.00,17150.50,0.00,23095,-4056.50,0.00,115.90,0,COR/PTY/AUA/PT
12345678,9691225533,25/09/2015,0,CM,11590.00,0.00,11590.00,5676.40,0.00,115.90,21207.00,17150.50,0.00,23095,-4056.50,0.00,115.90,0,COR/PTY/AUA/PT
12345678,9691225534,25/09/2015,0,CM,11590.00,0.00,11590.00,5676.40,0.00,115.90,21207.00,17150.50,0.00,23095,-4056.50,0.00,115.90,0,COR/PTY/AUA/PT
12345678,9691225535,25/09/2015,0,CM,11590.00,0.00,11590.00,5676.40,0.00,115.90,21207.00,17150.50,0.00,23095,-4056.50,0.00,115.90,0,COR/PTY/AUA/PT
12345678,9691225536,25/09/2015,0,CM,14175.00,0.00,14175.00,6710.50,0.00,141.75,25705.05,20743.75,0.00,23095,-4961.30,0.00,141.75,0,COR/PTY/AUA/PT
12345678,9691225537,25/09/2015,0,AR,1523.00,1523.00,0.00,273.37,0.00,45.69,1745.88,1760.88,0.00,23042,167.11,0.00,45.69,FAC-A-1461,SLA/IGR
12345678,9691225538,25/09/2015,0,4M,3514.00,0.00,3514.00,619.14,0.00,35.14,4016.65,4046.65,70.28,23044,385.57,0.00,35.14,FAC-A-1463,TUC/AEP/IGR/AEP
12345678,9691225539,25/09/2015,0,4M,3514.00,0.00,3514.00,619.14,0.00,35.14,4016.65,4168.40,70.28,23044,258.35,0.00,35.14,FAC-A-1463,TUC/AEP/IGR/AEP
12345678,9691225540,25/09/2015,0,4M,2355.00,0.00,2355.00,439.74,0.00,23.55,2716.67,2624.98,47.10,23044,385.57,0.00,23.55,FAC-A-1463,TUC/AEP/IGR/AEP
12345678,9691225541,25/09/2015,0,JJ,2077.00,0.00,2077.00,868.80,0.00,20.77,3650.63,2945.80,0.00,23044,-725.60,0.00,20.77,FAC-A-1463,IGU/GRU/BPS/GR
12345678,9691225542,25/09/2015,0,JJ,2077.00,0.00,2077.00,868.80,0.00,20.77,3650.63,2945.80,0.00,23044,-725.60,0.00,20.77,FAC-A-1463,IGU/GRU/BPS/GR
12345678,9691225543,25/09/2015,0,JJ,1241.00,0.00,1241.00,578.60,0.00,12.41,2242.59,1819.60,0.00,23044,-435.40,0.00,12.41,FAC-A-1463,IGU/GRU/BPS/GR
12345678,9691225548,25/09/2015,0,AR,3967.00,0.00,3967.00,2533.10,0.00,119.01,7372.89,6222.41,396.00,23043,-1388.50,0.00,119.01,FAC-A-1462,COR/EZE/GIG/AE
12345678,9691225549,25/09/2015,0,AR,3967.00,0.00,3967.00,2533.10,0.00,119.01,7372.89,6222.41,396.00,23043,-1388.50,0.00,119.01,FAC-A-1462,COR/EZE/GIG/AE
12345678,9691225554,25/09/2015,0,LA,7614.00,7614.00,0.00,4118.69,0.00,0.00,14016.89,11351.99,380.00,23069,-2664.90,0.00,0.00,0,COR/LIM/CUN/LIM/
12345678,9691225555,25/09/2015,0,LA,7614.00,7614.00,0.00,4118.69,0.00,0.00,14016.89,11351.99,380.00,23069,-2664.90,0.00,0.00,0,COR/LIM/CUN/LIM/
12345678,9691225556,25/09/2015,0,LA,7614.00,7614.00,0.00,4118.69,0.00,0.00,14016.89,11351.99,380.00,23068,-2664.90,0.00,0.00,0,COR/LIM/CUN/LIM/
12345678,9691225557,25/09/2015,0,LA,7614.00,7614.00,0.00,4118.69,0.00,0.00,14016.89,11351.99,380.00,23068,-2664.90,0.00,0.00,0,COR/LIM/CUN/LIM/
12345678,9691225558,25/09/2015,0,LA,7614.00,7614.00,0.00,4118.69,0.00,0.00,14016.89,11351.99,380.00,23068,-2664.90,0.00,0.00,0,COR/LIM/CUN/LIM/
12345678,9691225559,25/09/2015,0,LA,7614.00,7614.00,0.00,4118.69,0.00,0.00,14016.89,11351.99,380.00,23068,-2664.90,0.00,0.00,0,COR/LIM/CUN/LIM/
12345678,9691225560,25/09/2015,0,AR,3657.00,0.00,3657.00,641.27,0.00,109.71,4177.04,4207.05,0.00,23051,401.26,0.00,109.71,FAC-A-1469,TUC/AEP/TUC
12345678,9691225561,25/09/2015,0,AR,3657.00,0.00,3657.00,641.27,0.00,109.71,4177.04,4207.05,0.00,23051,401.26,0.00,109.71,FAC-A-1469,TUC/AEP/TUC
12345678,9691225562,25/09/2015,0,LA,7614.00,7614.00,0.00,4118.69,0.00,0.00,14016.89,11351.99,380.00,23068,-2664.90,0.00,0.00,0,COR/LIM/CUN/LIM/
12345678,9691225563,25/09/2015,1,LA,0.00,0.00,0.00,0.00,0.00,0.00,0.00,0.00,0.00,VOID,0.00,0.00,0.00,0,COR/AEP/REL/EZ
12345678,9691225564,25/09/2015,1,LA,0.00,0.00,0.00,0.00,0.00,0.00,0.00,0.00,0.00,VOID,0.00,0.00,0.00,0,COR/AEP/REL/EZ
12345678,9691225565,25/09/2015,0,4M,1574.00,1574.00,0.00,318.98,0.00,15.74,1840.80,1870.80,31.48,23047,172.71,0.00,15.74,FAC-B-343,COR/AEP/REL/EZ
12345678,9691225566,25/09/2015,0,4M,1574.00,1574.00,0.00,318.98,0.00,15.74,1840.80,1729.15,31.48,23047,320.73,0.00,15.74,FAC-B-343,COR/AEP/REL/EZ
12345678,9691225567,25/09/2015,0,AR,2923.00,2923.00,0.00,531.99,0.00,87.69,3358.09,3529.73,0.00,23047,172.71,0.00,87.69,FAC-B-343,COR/AEP/REL/EZ
12345678,9691225568,25/09/2015,0,AR,2923.00,2923.00,0.00,531.99,0.00,87.69,3358.09,3529.73,0.00,23047,172.71,0.00,87.69,FAC-B-343,COR/AEP/REL/EZ
12345678,9691225569,25/09/2015,0,LA,7144.00,0.00,7144.00,4234.98,0.00,0.00,13522.18,11021.78,357.00,23075,-2500.40,0.00,0.00,0,COR/LIM/PUJ/LIM/
12345678,9691225570,25/09/2015,0,AM,14927.00,0.00,14927.00,7176.90,0.00,149.27,27179.13,22291.90,0.00,23050,-5224.50,0.00,149.27,FAC-A-1468,EZE/MEX/EZE
12345678,9691225571,25/09/2015,0,AM,14927.00,0.00,14927.00,7176.90,0.00,149.27,27179.13,22291.90,0.00,23050,-5224.50,0.00,149.27,FAC-A-1468,EZE/MEX/EZE
12345678,9691225572,25/09/2015,1,AR,0.00,0.00,0.00,0.00,0.00,0.00,0.00,0.00,0.00,23106,0.00,0.00,0.00,0,TUC/AEP/EZE/MIA
12345678,9691225574,25/09/2015,1,AR,0.00,0.00,0.00,0.00,0.00,0.00,0.00,0.00,0.00,23106,0.00,0.00,0.00,0,TUC/AEP/EZE/MIA
12345678,9691225576,25/09/2015,0,G3,2660.00,0.00,2660.00,1074.20,0.00,79.80,4585.40,3707.60,0.00,23053,-931.00,0.00,79.80,FAC-A-1471,IGU/GRU/BPS/GR
12345678,9691225577,25/09/2015,0,G3,2660.00,0.00,2660.00,1074.20,0.00,79.80,4585.40,3707.60,0.00,23053,-931.00,0.00,79.80,FAC-A-1471,IGU/GRU/BPS/GR
12345678,9691225578,25/09/2015,1,CM,0.00,0.00,0.00,0.00,0.00,0.00,0.00,0.00,0.00,VOID,0.00,0.00,0.00,0,COR/PTY/SNU/PT
12345678,9691225580,25/09/2015,1,CM,0.00,0.00,0.00,0.00,0.00,0.00,0.00,0.00,0.00,VOID,0.00,0.00,0.00,0,COR/PTY/SNU/PT
12345678,9691225582,25/09/2015,0,CM,8244.00,8244.00,0.00,4157.10,0.00,0.00,15286.50,12401.10,0.00,23076,-2885.40,0.00,0.00,0,COR/PTY/SNU/PT
12345678,9691225584,25/09/2015,0,CM,8244.00,8244.00,0.00,4157.10,0.00,0.00,15286.50,12401.10,0.00,23076,-2885.40,0.00,0.00,0,COR/PTY/SNU/PT
12345678,9691225589,25/09/2015,0,CM,8244.00,9291.80,3109.30,4157.10,0.00,0.00,15286.50,12401.10,0.00,23076,-2885.40,0.00,0.00,0,COR/PTY/SNU/PT
12345678,9691225591,25/09/2015,0,LA,13160.00,0.00,13160.00,6337.00,0.00,131.60,23971.40,19365.40,0.00,23096,-4606.00,0.00,131.60,0,COR/LIM/CUN/LIM/
12345678,9691225592,25/09/2015,0,LA,13160.00,0.00,13160.00,6337.00,0.00,131.60,23971.40,19365.40,0.00,23096,-4606.00,0.00,131.60,0,COR/LIM/CUN/LIM/
12345678,9691225593,25/09/2015,0,LA,11261.00,0.00,11261.00,5577.50,0.00,112.61,20667.29,16725.89,0.00,23096,-3941.40,0.00,112.61,0,COR/LIM/CUN/LIM/
12345678,9691225594,25/09/2015,1,AR,0.00,0.00,0.00,0.00,0.00,0.00,0.00,0.00,0.00,VOID,0.00,0.00,0.00,0,COR/AEP/COR
12345678,9691225595,25/09/2015,0,CM,8667.00,8667.00,0.00,4867.80,0.00,0.00,16568.30,13534.80,0.00,23074,-3033.50,0.00,0.00,0,COR/PTY/SDQ/PT
12345678,9691225596,25/09/2015,0,CM,8667.00,8667.00,0.00,4867.80,0.00,0.00,16568.30,13534.80,0.00,23074,-3033.50,0.00,0.00,0,COR/PTY/SDQ/PT
12345678,9691225597,25/09/2015,0,CM,8667.00,8667.00,0.00,4867.80,0.00,0.00,16568.30,13534.80,0.00,23074,-3033.50,0.00,0.00,0,COR/PTY/SDQ/PT
12345678,9691225599,25/09/2015,0,EK,7294.00,2210.40,6900.00,1816.40,0.00,218.82,23464.58,19815.86,0.00,23063,-14573.00,0.00,218.82,FAC-A-1479,EZE/DXB/EZE
12345678,9691241700,25/09/2015,0,AR,4333.00,0.00,4333.00,745.87,0.00,129.99,4935.23,4965.23,0.00,23058,475.44,0.00,129.99,FAC-B-344,COR/AEP/IGR/RO
12345678,9691241701,25/09/2015,0,LA,7943.00,7943.00,0.00,4554.60,0.00,79.43,14801.12,12259.31,397.00,23057,-2780.10,0.00,79.43,FAC-A-1475,COR/LIM/PUJ/LIM/
12345678,9691241703,25/09/2015,0,LA,7943.00,7943.00,0.00,4554.60,0.00,79.43,14801.12,12259.31,397.00,23057,-2780.10,0.00,79.43,FAC-A-1475,COR/LIM/PUJ/LIM/
12345678,9691241705,25/09/2015,0,AR,2330.00,0.00,2330.00,435.95,0.00,69.90,2688.71,2718.71,0.00,23059,255.66,0.00,69.90,FAC-A-1476,COR/AEP/COR
12345678,9691241706,25/09/2015,0,G3,3995.00,4567.80,2161.10,2733.90,0.00,119.85,8007.35,6609.05,0.00,23060,-1398.30,0.00,119.85,0,COR/GIG/NAT/GI
12345678,9691241707,25/09/2015,0,G3,3995.00,0.00,3995.00,2733.90,0.00,119.85,8007.35,6609.05,0.00,23060,-1398.30,0.00,119.85,0,COR/GIG/NAT/GI
12345678,9691241710,25/09/2015,0,4M,4266.00,0.00,4266.00,735.50,0.00,42.66,4954.36,4954.36,0.00,23083,468.09,0.00,42.66,FAC-A-1485,TUC/AEP/IGR/AEP
12345678,9691241711,25/09/2015,0,4M,4266.00,0.00,4266.00,735.50,0.00,42.66,4954.36,4954.36,0.00,23083,468.09,0.00,42.66,FAC-A-1485,TUC/AEP/IGR/AEP
12345678,9691241712,25/09/2015,0,LA,8328.00,0.00,8328.00,4233.70,0.00,83.28,15393.22,12561.70,0.00,23080,-2914.80,0.00,83.28,FAC-A-1480,COR/GRU/MXP/G
12345678,9691241713,25/09/2015,0,LA,8328.00,0.00,8328.00,4233.70,0.00,83.28,15393.22,12561.70,0.00,23080,-2914.80,0.00,83.28,FAC-A-1480,COR/GRU/MXP/G
12345678,9691241714,25/09/2015,0,AR,6486.00,6486.00,0.00,3787.50,0.00,194.58,11376.12,9689.76,972.00,23082,-2270.10,0.00,194.58,FAC-B-345,COR/MIA/EZE/CO
12345678,9691241715,25/09/2015,0,AR,6486.00,6486.00,0.00,3787.50,0.00,194.58,11376.12,9689.76,972.00,23082,-2270.10,0.00,194.58,FAC-B-345,COR/MIA/EZE/CO
12345678,9691241716,25/09/2015,0,AR,6176.00,6176.00,0.00,3663.50,0.00,185.28,10889.42,9283.66,926.00,23082,-2161.60,0.00,185.28,FAC-B-345,COR/MIA/EZE/CO
12345678,9691241717,25/09/2015,0,AR,6486.00,6486.00,0.00,3787.50,0.00,194.58,11376.12,9689.76,972.00,23082,-2270.10,0.00,194.58,FAC-B-345,COR/MIA/EZE/CO
12345678,9691241718,26/09/2015,0,IB,538.00,538.00,0.00,654.40,0.00,5.38,1427.02,1192.40,0.00,23078,-240.00,0.00,5.38,FAC-A-1484,MXP/BCN
12345678,9691241719,26/09/2015,0,IB,538.00,538.00,0.00,654.40,0.00,5.38,1427.02,1192.40,0.00,23078,-240.00,0.00,5.38,FAC-A-1484,MXP/BCN
12345678,9691241720,26/09/2015,0,AR,2253.00,0.00,2253.00,424.04,0.00,67.59,2602.35,2632.35,0.00,23079,247.21,0.00,67.59,FAC-A-1483,TUC/AEP/TUC
12345678,9691241721,26/09/2015,1,AR,0.00,0.00,0.00,0.00,0.00,0.00,20.00,20.00,0.00,23086,-20.00,0.00,0.00,0,COR/MDZ/COR
12345678,9691241722,26/09/2015,1,AR,0.00,0.00,0.00,0.00,0.00,0.00,20.00,20.00,0.00,23086,-20.00,0.00,0.00,0,COR/MDZ/COR
12345678,9691241723,26/09/2015,1,JJ,0.00,0.00,0.00,0.00,0.00,0.00,0.00,0.00,0.00,VOID,0.00,0.00,0.00,0,IGU/GRU/BPS/GR
12345678,9691241724,26/09/2015,1,JJ,0.00,0.00,0.00,0.00,0.00,0.00,0.00,0.00,0.00,VOID,0.00,0.00,0.00,0,IGU/GRU/BPS/GR
12345678,9691241725,26/09/2015,1,JJ,0.00,0.00,0.00,0.00,0.00,0.00,0.00,0.00,0.00,VOID,0.00,0.00,0.00,0,IGU/GRU/BPS/GR
12345678,9691241726,26/09/2015,1,JJ,0.00,0.00,0.00,0.00,0.00,0.00,0.00,0.00,0.00,VOID,0.00,0.00,0.00,0,IGU/GRU/BPS/GR
12345678,9691241727,26/09/2015,1,JJ,0.00,0.00,0.00,0.00,0.00,0.00,0.00,0.00,0.00,VOID,0.00,0.00,0.00,0,IGU/GRU/BPS/GR
12345678,9691241728,26/09/2015,0,LA,7528.00,7528.00,0.00,3848.00,0.00,75.28,13559.12,10924.32,376.00,23087,-2634.80,0.00,75.28,0,COR/LIM/HAV/LIM
12345678,9691241729,26/09/2015,0,LA,7528.00,7528.00,0.00,3848.00,0.00,75.28,13559.12,10924.32,376.00,23087,-2634.80,0.00,75.28,0,COR/LIM/HAV/LIM
12345678,9691241730,26/09/2015,0,JJ,1891.00,0.00,1891.00,804.90,0.00,18.91,3338.49,2695.90,0.00,23092,-661.50,0.00,18.91,FAC-A-1494,IGU/GRU/BPS/GR
12345678,9691241731,26/09/2015,0,JJ,1891.00,0.00,1891.00,804.90,0.00,18.91,3338.49,2695.90,0.00,23092,-661.50,0.00,18.91,FAC-A-1494,IGU/GRU/BPS/GR
12345678,9691241732,26/09/2015,0,JJ,1139.00,0.00,1139.00,540.30,0.00,11.39,2064.81,1679.30,0.00,23092,-396.90,0.00,11.39,FAC-A-1494,IGU/GRU/BPS/GR
12345678,9691241733,26/09/2015,0,JJ,1139.00,0.00,1139.00,540.30,0.00,11.39,2064.81,1679.30,0.00,23092,-396.90,0.00,11.39,FAC-A-1494,IGU/GRU/BPS/GR
12345678,9691241734,26/09/2015,1,JJ,0.00,0.00,0.00,0.00,0.00,0.00,396.90,0.00,0.00,23092,-396.90,0.00,0.00,FAC-A-1494,IGU/GRU/BPS/GR
12345678,9691241735,26/09/2015,0,AF,1224.00,1224.00,0.00,787.80,0.00,12.24,2427.96,2011.80,0.00,23088,-428.40,0.00,12.24,FAC-A-1486,CDG/NCE
12345678,9691241736,26/09/2015,0,AF,1224.00,1224.00,0.00,787.80,0.00,12.24,2427.96,2011.80,0.00,23088,-428.40,0.00,12.24,FAC-A-1486,CDG/NCE
12345678,9691241737,26/09/2015,0,JJ,1891.00,0.00,1891.00,804.90,0.00,18.91,3338.49,2695.90,0.00,23091,-661.50,0.00,18.91,FAC-A-1488,IGU/GRU/BPS/GR
12345678,9691241738,26/09/2015,0,JJ,1891.00,0.00,1891.00,804.90,0.00,18.91,3338.49,2695.90,0.00,23091,-661.50,0.00,18.91,FAC-A-1488,IGU/GRU/BPS/GR
12345678,9691241739,26/09/2015,0,JJ,1139.00,0.00,1139.00,540.30,0.00,11.39,2064.81,1679.30,0.00,23091,-396.90,0.00,11.39,FAC-A-1488,IGU/GRU/BPS/GR
12345678,9691241740,26/09/2015,1,AR,0.00,0.00,0.00,0.00,0.00,0.00,0.00,0.00,0.00,VOID,0.00,0.00,0.00,0,COR/EZE/BCN/EZ
12345678,9691241742,26/09/2015,0,LA,13174.00,13174.00,6343.80,6343.80,0.00,131.74,23338.26,19122.58,658.00,23093,-4610.90,0.00,131.74,FAC-A-1489,COR/LIM/CUN/LIM/
12345678,9691241743,26/09/2015,1,AR,0.00,0.00,0.00,0.00,0.00,0.00,0.00,0.00,0.00,VOID,0.00,0.00,0.00,0,COR/EZE/BCN/EZ
12345678,9691241745,26/09/2015,0,LA,13174.00,0.00,13174.00,6343.80,0.00,131.74,23338.26,19122.58,658.00,23093,-4610.90,0.00,131.74,FAC-A-1489,COR/LIM/CUN/LIM/
12345678,9691241746,26/09/2015,0,LA,13174.00,0.00,13174.00,6343.80,0.00,131.74,23338.26,19122.58,658.00,23093,-4610.90,0.00,131.74,FAC-A-1489,COR/LIM/CUN/LIM/
12345678,9691241747,26/09/2015,0,LA,13174.00,0.00,13174.00,6343.80,0.00,131.74,23338.26,19122.58,658.00,23093,-4610.90,0.00,131.74,FAC-A-1489,COR/LIM/CUN/LIM/
12345678,9691241748,26/09/2015,0,LA,13174.00,13174.00,0.00,6343.80,0.00,131.74,23338.26,19122.58,658.00,23093,-4610.90,0.00,131.74,FAC-A-1489,COR/LIM/CUN/LIM/
12345678,9691241749,26/09/2015,0,AR,8422.00,0.00,8422.00,10911.90,0.00,252.66,23271.04,18997.02,421.00,23094,-4610.90,0.00,252.66,FAC-A-1495,COR/EZE/BCN/EZ
12345678,9691241751,26/09/2015,0,AR,8422.00,0.00,8422.00,10911.90,0.00,252.66,23271.04,18997.02,421.00,23094,-4610.90,0.00,252.66,FAC-A-1495,COR/EZE/BCN/EZ
12345678,9691241753,26/09/2015,0,AR,8422.00,0.00,8422.00,10911.90,0.00,252.66,23271.04,18997.02,421.00,23094,-4610.90,0.00,252.66,FAC-A-1495,COR/EZE/BCN/EZ
12345678,9691241755,26/09/2015,0,AR,8422.00,0.00,8422.00,10911.90,0.00,252.66,23271.04,18997.02,421.00,23094,-4610.90,0.00,252.66,FAC-A-1495,COR/EZE/BCN/EZ
12345678,9691513297,21/09/2015,0,AR,1203.00,1203.00,0.00,261.58,0.00,36.09,1424.70,1454.70,0.00,22890,132.00,0.00,36.09,FAC-A-1347,COR/MDZ/COR
12345678,9691513298,21/09/2015,1,AR,0.00,0.00,0.00,100.01,0.00,0.00,100.01,120.01,0.00,22891,0.00,0.00,0.00,FAC-A-1349,COR/MDZ/COR
12345678,9691513299,21/09/2015,0,4M,2021.00,2021.00,0.00,388.10,0.00,20.21,2342.10,2372.10,40.42,22898,221.73,0.00,20.21,FAC-A-1344,COR/AEP/COR
12345678,9691560500,21/09/2015,0,4M,3016.00,3016.00,0.00,542.09,0.00,30.16,3458.11,3488.11,60.32,22898,330.93,0.00,30.16,FAC-A-1344,COR/AEP/COR
12345678,9691560501,21/09/2015,0,4M,3016.00,3016.00,0.00,542.09,0.00,30.16,3458.11,3488.11,60.32,22898,330.93,0.00,30.16,FAC-A-1344,COR/AEP/COR
12345678,9691560502,21/09/2015,0,4M,2114.00,2114.00,0.00,402.52,0.00,21.14,2446.44,2476.44,42.28,22899,231.95,0.00,21.14,FAC-A-1343,COR/AEP/COR
12345678,9691560503,21/09/2015,0,AR,2818.00,2818.00,0.00,511.47,0.00,84.54,3236.05,3266.05,0.00,22900,309.21,0.00,84.54,FAC-A-1342,COR/AEP/COR
12345678,9691560504,21/09/2015,0,OB,2186.00,2186.00,0.00,1708.60,0.00,131.16,4462.96,3850.88,65.58,22902,-765.10,0.00,131.16,FAC-A-1352,SLA/VVI/SLA
12345678,9691560505,21/09/2015,0,AR,2191.00,2191.00,0.00,414.44,0.00,65.73,2532.81,2562.81,0.00,22905,240.40,0.00,65.73,FAC-A-1353,COR/AEP/COR
12345678,9691560506,21/09/2015,1,AR,0.00,0.00,0.00,0.00,0.00,0.00,100.00,120.00,0.00,22906,-100.00,0.00,0.00,FAC-A-1354,AEP/COR
12345678,9691560507,21/09/2015,1,AR,0.00,0.00,0.00,0.00,0.00,0.00,100.00,120.00,0.00,22906,-100.00,0.00,0.00,FAC-A-1354,AEP/COR
12345678,9691560508,21/09/2015,0,AR,3459.00,3459.00,0.00,610.55,0.00,103.77,3954.88,3984.88,0.00,22907,379.48,0.00,103.77,FAC-A-1355,AEP/UAQ/AEP
12345678,9691560509,21/09/2015,0,AR,3587.00,3587.00,0.00,630.35,0.00,107.61,4098.44,4128.44,0.00,22907,393.52,0.00,107.61,FAC-A-1355,AEP/UAQ/AEP
12345678,9691560510,21/09/2015,0,AR,515.97,515.97,0.00,170.91,0.00,0.00,686.88,706.88,0.00,22908,0.00,0.00,0.00,FAC-A-1356,AEP/SDE/AEP
12345678,9691560511,21/09/2015,0,AR,3016.00,108.09,3450.00,542.09,0.00,90.48,3458.11,3488.11,0.00,22909,330.93,0.00,90.48,FAC-A-1357,COR/AEP/COR
12345678,9691560512,21/09/2015,0,JJ,1876.00,0.00,1876.00,1888.56,0.00,0.00,4421.16,3764.56,0.00,22917,-656.60,0.00,0.00,0,COR/GRU/GIG/GR
12345678,9691560513,21/09/2015,0,JJ,1876.00,0.00,1876.00,1888.56,0.00,0.00,4421.16,3764.56,0.00,22917,-656.60,0.00,0.00,0,COR/GRU/GIG/GR
12345678,9691560514,21/09/2015,0,JJ,1876.00,0.00,1876.00,1888.56,0.00,0.00,4421.16,3764.56,0.00,22917,-656.60,0.00,0.00,0,COR/GRU/GIG/GR
12345678,9691560515,21/09/2015,0,JJ,1426.00,1206.45,1928.00,1708.45,0.00,0.00,3633.46,3134.45,0.00,22917,-499.01,0.00,0.00,0,COR/GRU/GIG/GR
12345678,9691560516,21/09/2015,0,AR,1464.84,1464.84,0.00,209.40,0.00,0.00,1674.24,1694.24,0.00,22909,0.00,0.00,0.00,FAC-A-1357,AEP/COR - 
12345678,9691560517,21/09/2015,0,G3,3377.00,3377.00,0.00,2299.90,0.00,101.31,6757.59,5575.59,0.00,22910,-1182.00,0.00,101.31,0,AEP/GRU/AEP
12345678,9691560518,21/09/2015,0,G3,3377.00,3377.00,0.00,2299.90,0.00,101.31,6757.59,5575.59,0.00,22910,-1182.00,0.00,101.31,0,AEP/GRU/AEP
12345678,9691560519,21/09/2015,0,G3,2364.00,2364.00,0.00,1894.60,0.00,70.92,5015.08,4187.68,0.00,22910,-827.40,0.00,70.92,0,AEP/GRU/AEP
12345678,9691560520,21/09/2015,0,LA,6510.00,6510.00,0.00,3485.10,0.00,65.10,12208.50,9995.10,0.00,22911,-2278.50,0.00,65.10,FAC-A-1358,COR/SCL/COR
12345678,9691560521,21/09/2015,0,AR,1919.00,1919.00,0.00,372.36,0.00,57.57,2227.75,2257.74,0.00,22913,210.56,0.00,57.57,FAC-A-1359,MDZ/COR/MDZ
12345678,9691560522,21/09/2015,0,AR,1224.00,1224.00,0.00,227.10,0.00,36.72,1410.52,1440.52,0.00,22921,134.30,0.00,36.72,FAC-A-1384,AEP/COR
12345678,9691560523,21/09/2015,0,AR,1224.00,1224.00,0.00,227.10,0.00,36.72,1410.52,1440.52,0.00,22920,134.30,0.00,36.72,FAC-A-1362,AEP/COR
12345678,9691560524,22/09/2015,0,AR,2399.00,2399.00,0.00,446.63,0.00,71.97,2766.10,2796.10,0.00,22924,263.23,0.00,71.97,FAC-A-1364,COR/AEP/COR
12345678,9691560525,22/09/2015,0,AR,2808.00,2808.00,0.00,509.90,0.00,84.24,3224.81,3254.82,0.00,22924,308.10,0.00,84.24,FAC-A-1364,COR/AEP/COR
12345678,9691560526,22/09/2015,0,AR,2808.00,2808.00,0.00,509.90,0.00,84.24,3224.81,3254.82,0.00,22926,308.10,0.00,84.24,FAC-A-1365,COR/AEP/COR
12345678,9691560527,22/09/2015,0,AR,1224.00,1224.00,0.00,227.10,0.00,36.72,1410.52,1425.52,0.00,22928,134.30,0.00,36.72,FAC-A-1366,COR/AEP
12345678,9691560528,22/09/2015,0,4M,1612.00,1612.00,0.00,287.14,0.00,16.12,1845.70,1860.70,32.24,22928,176.88,0.00,16.12,FAC-A-1366,AEP/COR
12345678,9691560529,22/09/2015,0,AR,524.84,524.84,0.00,221.26,0.00,0.00,746.10,766.10,0.00,22931,0.00,0.00,0.00,FAC-A-1368,COR/AEP/COR
12345678,9691560530,22/09/2015,0,LA,11177.20,11177.20,0.00,3567.60,0.00,111.77,17734.53,14744.80,0.00,22932,-3101.50,0.00,111.77,FAC-A-1369,COR/SCL/MAD - 
12345678,9691560532,22/09/2015,0,KL,1761.00,1761.00,0.00,1424.20,0.00,17.61,3936.19,3185.20,0.00,22932,-768.60,0.00,17.61,FAC-A-1369,MAD/AMS
12345678,9691560533,22/09/2015,0,AR,2191.00,2191.00,0.00,414.44,0.00,65.73,2532.81,2562.81,0.00,22933,240.40,0.00,65.73,FAC-A-1370,COR/AEP/COR
12345678,9691560534,22/09/2015,0,AR,2653.00,2653.00,0.00,448.21,0.00,79.59,3013.26,3028.26,0.00,22935,291.10,0.00,79.59,FAC-A-1372,JUJ/AEP
12345678,9691560535,22/09/2015,1,AR,0.00,0.00,0.00,200.00,0.00,0.00,200.00,220.00,0.00,22934,0.00,0.00,0.00,FAC-A-1371,JUJ/AEP
12345678,9691560536,22/09/2015,0,JJ,3193.00,3193.00,0.00,2227.02,0.00,0.00,6537.43,5420.02,0.00,22938,-1117.41,0.00,0.00,0,COR/GRU/COR
12345678,9691560537,22/09/2015,0,JJ,3193.00,3193.00,0.00,2227.02,0.00,0.00,6537.43,5420.02,0.00,22938,-1117.41,0.00,0.00,0,COR/GRU/COR
12345678,9691560538,22/09/2015,0,JJ,1878.00,568.57,3200.00,1890.57,0.00,0.00,4425.87,3768.57,0.00,22949,-657.30,0.00,0.00,FAC-A-1379,COR/GRU/GIG/GR
12345678,9691560539,22/09/2015,0,JJ,1878.00,568.57,3200.00,1890.57,0.00,0.00,4425.87,3768.57,0.00,22949,-657.30,0.00,0.00,FAC-A-1379,COR/GRU/GIG/GR
12345678,9691560540,22/09/2015,0,CM,15344.00,15344.00,0.00,7536.40,0.00,153.44,28097.36,23067.40,0.00,22947,-5370.40,0.00,153.44,FAC-A-1377,COR/PTY/PUJ/PT
12345678,9691560541,22/09/2015,0,LA,7414.00,7414.00,0.00,3800.30,0.00,74.14,13364.36,10917.74,370.00,22948,-2594.90,0.00,74.14,FAC-A-1378,COR/LIM/HAV/LIM
12345678,9691560542,22/09/2015,0,LA,7414.00,7414.00,0.00,3800.30,0.00,74.14,13364.36,10917.74,370.00,22948,-2594.90,0.00,74.14,FAC-A-1378,COR/LIM/HAV/LIM
12345678,9691560544,22/09/2015,1,LA,0.00,0.00,0.00,0.00,0.00,0.00,0.00,0.00,0.00,VOID,0.00,0.00,0.00,0,COR/LIM/HAV/LIM
12345678,9691560545,22/09/2015,1,LA,0.00,0.00,0.00,0.00,0.00,0.00,0.00,0.00,0.00,VOID,0.00,0.00,0.00,0,COR/LIM/HAV/LIM
12345678,9691560546,22/09/2015,0,LA,7696.00,7696.00,0.00,3913.10,0.00,76.96,13840.94,11147.34,384.00,22950,-2693.60,0.00,76.96,0,COR/LIM/HAV/LIM
12345678,9691560547,22/09/2015,0,LA,7696.00,7696.00,0.00,3913.10,0.00,76.96,13840.94,11147.34,384.00,22950,-2693.60,0.00,76.96,0,COR/LIM/HAV/LIM
12345678,9691560558,22/09/2015,0,LA,6175.00,6175.00,0.00,3650.00,0.00,61.75,11739.30,9701.50,185.00,22953,-2161.30,0.00,61.75,FAC-B-328,COR/LIM/TRU/LIM/
12345678,9691560560,22/09/2015,0,LA,4364.00,4364.00,0.00,2925.50,0.00,43.64,8642.34,7202.22,130.00,22953,-1527.40,0.00,43.64,FAC-B-328,COR/LIM/TRU/LIM/
12345678,9691560562,22/09/2015,0,LA,6175.00,6175.00,0.00,3650.00,0.00,61.75,11739.30,9701.50,185.00,22953,-2161.30,0.00,61.75,FAC-B-328,COR/LIM/TRU/LIM/
12345678,9691560564,22/09/2015,0,LA,6175.00,6175.00,0.00,3650.00,0.00,61.75,11739.30,9701.50,185.00,22953,-2161.30,0.00,61.75,FAC-B-328,COR/LIM/TRU/LIM/
12345678,9691560566,22/09/2015,0,LA,4364.00,4364.00,0.00,2925.50,0.00,43.64,8642.34,7202.22,130.00,22953,-1527.40,0.00,43.64,FAC-B-328,COR/LIM/TRU/LIM/
12345678,9691560568,23/09/2015,0,AR,2653.00,2653.00,0.00,448.21,0.00,79.59,3013.26,3028.26,0.00,22956,291.10,0.00,79.59,FAC-A-1394,JUJ/AEP
12345678,9691560569,23/09/2015,0,AR,2653.00,2653.00,0.00,448.21,0.00,79.59,3013.26,3028.26,0.00,22956,291.10,0.00,79.59,FAC-A-1394,JUJ/AEP
12345678,9691560570,23/09/2015,0,AR,2097.00,2097.00,0.00,399.83,0.00,62.91,2427.31,2457.31,0.00,22957,230.04,0.00,62.91,FAC-A-1395,COR/AEP/COR
12345678,9691560571,23/09/2015,0,AR,1471.00,1471.00,0.00,265.33,0.00,44.13,1687.57,1702.57,0.00,22958,161.41,0.00,44.13,FAC-A-1396,COR/SLA
12345678,9691560572,23/09/2015,0,OB,10855.00,10855.00,0.00,5231.80,0.00,651.30,18909.15,15869.70,325.00,22959,-3799.30,0.00,651.30,FAC-A-1398,SLA/VVI/MAD/VV
12345678,9691560573,23/09/2015,0,LA,26161.00,26161.00,0.00,11918.92,0.00,261.61,46974.71,38079.92,0.00,22960,-9156.40,0.00,261.61,FAC-B-331,TUC/AEP/GRU/MX
12345678,9691560576,23/09/2015,0,LA,26161.00,26161.00,0.00,11918.92,0.00,261.61,46974.71,38079.92,0.00,22960,-9156.40,0.00,261.61,FAC-B-331,TUC/AEP/GRU/MX
12345678,9691560579,23/09/2015,0,BA,13108.00,13108.00,0.00,12997.30,0.00,131.08,32016.32,26293.10,0.00,22957,-6042.10,0.00,131.08,FAC-A-1395,EZE/LHR/FRA/MA
12345678,9691560580,23/09/2015,0,AR,2253.00,0.00,2253.00,424.02,0.00,67.59,2602.33,2632.33,0.00,22963,247.20,0.00,67.59,FAC-A-1400,TUC/AEP/TUC
12345678,9691560581,23/09/2015,0,AR,2253.00,0.00,2253.00,424.02,0.00,67.59,2602.33,2632.33,0.00,22963,247.20,0.00,67.59,FAC-A-1400,TUC/AEP/TUC
12345678,9691560582,23/09/2015,0,AR,2253.00,0.00,2253.00,424.02,0.00,67.59,2602.33,2632.33,0.00,22963,247.20,0.00,67.59,FAC-A-1400,TUC/AEP/TUC
12345678,9691560583,23/09/2015,0,AR,1968.60,1968.60,0.00,279.82,0.00,59.06,2183.16,2268.42,0.00,22964,0.00,0.00,59.06,FAC-A-1399,NQN/AEP/TUC/AE
12345678,9691560584,23/09/2015,0,AR,1952.00,1952.00,0.00,377.47,0.00,58.56,2264.76,2329.47,0.00,22967,214.18,0.00,58.56,FAC-B-332,COR/AEP/COR
12345678,9691560585,23/09/2015,0,AR,2032.00,2032.00,0.00,389.77,0.00,60.96,2354.41,2421.77,0.00,22967,222.91,0.00,60.96,FAC-B-332,COR/AEP/COR
12345678,9691560586,23/09/2015,1,AR,0.00,0.00,0.00,100.00,0.00,0.00,100.00,120.00,0.00,22968,0.00,0.00,0.00,FAC-A-1401,AEP/COR
12345678,9691560587,23/09/2015,0,AR,2330.00,2330.00,0.00,435.96,0.00,69.90,2688.72,2718.72,0.00,22969,255.66,0.00,69.90,FAC-A-1402,COR/AEP/COR
12345678,9691560588,23/09/2015,0,AF,37382.00,37382.00,0.00,24525.30,0.00,373.82,73919.61,59412.41,259.00,22971,-14976.70,0.00,373.82,FAC-A-1409,EZE/CDG/DUB - 
12345678,9691560590,23/09/2015,0,AF,37382.00,37382.00,0.00,24525.30,0.00,373.82,73919.61,59412.41,259.00,22971,-14976.70,0.00,373.82,FAC-A-1409,EZE/CDG/DUB - 
12345678,9691560592,23/09/2015,0,AF,37382.00,37382.00,0.00,24525.30,0.00,373.82,73919.61,59412.41,259.00,22990,-14976.70,0.00,373.82,FAC-A-1410,EZE/CDG/DUB - 
12345678,9691560594,23/09/2015,0,JJ,1878.00,168.57,3600.00,1890.57,0.00,0.00,4425.87,3768.57,0.00,23000,-657.30,0.00,0.00,FAC-A-1430,COR/GRU/GIG/GR
12345678,9691560595,23/09/2015,0,JJ,1878.00,168.57,3600.00,1890.57,0.00,0.00,4425.87,3768.57,0.00,23000,-657.30,0.00,0.00,FAC-A-1430,COR/GRU/GIG/GR
12345678,9691560596,23/09/2015,0,JJ,1878.00,1878.00,0.00,1890.57,0.00,0.00,4425.87,3768.57,0.00,23001,-657.30,0.00,0.00,FAC-A-1431,COR/GRU/GIG/GR
12345678,9691560597,23/09/2015,0,JJ,1878.00,1878.00,0.00,1890.57,0.00,0.00,4425.87,3768.57,0.00,23001,-657.30,0.00,0.00,FAC-A-1431,COR/GRU/GIG/GR
12345678,9691560598,23/09/2015,0,JJ,1878.00,1878.00,0.00,1890.57,0.00,0.00,4425.87,3768.57,0.00,23001,-657.30,0.00,0.00,FAC-A-1431,COR/GRU/GIG/GR
12345678,9691560599,23/09/2015,0,AR,2460.00,0.00,2460.00,456.06,0.00,73.80,2834.51,2864.51,0.00,22970,269.92,0.00,73.80,FAC-A-1403,SLA/AEP/SLA
12345678,9691596300,23/09/2015,0,AR,2460.00,0.00,2460.00,456.06,0.00,73.80,2834.51,2864.51,0.00,22970,269.92,0.00,73.80,FAC-A-1403,SLA/AEP/SLA
12345678,9691596301,23/09/2015,0,AR,419.48,419.48,0.00,167.01,0.00,12.58,572.58,606.49,0.00,22974,0.00,0.00,12.58,FAC-A-1405,AEP/COR
12345678,9691596302,23/09/2015,0,AR,2509.00,2509.00,0.00,463.64,0.00,75.27,2889.47,2919.47,0.00,22975,275.30,0.00,75.27,FAC-A-1406,TUC/AEP/COR
12345678,9691596303,23/09/2015,0,AR,276.33,276.33,0.00,111.21,0.00,0.00,387.54,407.54,0.00,22973,0.00,0.00,0.00,FAC-A-1404,AEP/COR
12345678,9691596304,23/09/2015,0,AR,2338.00,858.30,3197.50,1717.80,0.00,70.14,4803.96,3985.66,0.00,22976,-818.30,0.00,70.14,0,COR/AEP/MVD/A
12345678,9691596305,23/09/2015,0,AR,2338.00,858.30,3197.50,1717.80,0.00,70.14,4803.96,3985.66,0.00,22976,-818.30,0.00,70.14,0,COR/AEP/MVD/A
12345678,9691596306,23/09/2015,0,JJ,2066.00,2066.00,0.00,1938.55,0.00,0.00,4727.58,4004.55,0.00,23077,-723.03,0.00,0.00,0,COR/GRU/BPS/G
12345678,9691596307,23/09/2015,0,JJ,2066.00,2066.00,0.00,1938.55,0.00,0.00,4727.58,4004.55,0.00,23077,-723.03,0.00,0.00,0,COR/GRU/BPS/G
12345678,9691596308,23/09/2015,0,AR,2338.00,2338.00,0.00,1717.80,0.00,70.14,4803.96,3985.66,0.00,22976,-818.30,0.00,70.14,0,COR/AEP/MVD/A
12345678,9691596309,23/09/2015,0,AR,2338.00,2338.00,0.00,1717.80,0.00,70.14,4803.96,3985.66,0.00,22976,-818.30,0.00,70.14,0,COR/AEP/MVD/A
12345678,9691596310,23/09/2015,0,AR,3183.00,3183.00,0.00,2055.90,0.00,95.49,6257.51,5143.41,0.00,22976,-1114.10,0.00,95.49,0,COR/AEP/MVD/A
12345678,9691596311,23/09/2015,0,AR,3183.00,3183.00,0.00,2055.90,0.00,95.49,6257.51,5143.41,0.00,22976,-1114.10,0.00,95.49,0,COR/AEP/MVD/A
12345678,9691596312,23/09/2015,0,AR,291.00,291.00,0.00,116.50,0.00,8.73,500.67,398.77,0.00,22976,-101.90,0.00,8.73,0,COR/AEP/MVD/A
12345678,9691596313,23/09/2015,0,AR,1883.00,1883.00,0.00,366.71,0.00,56.49,2187.29,2217.29,0.00,22980,206.55,0.00,56.49,FAC-A-1407,AEP/COR/AEP
12345678,9691596314,23/09/2015,0,JJ,1427.00,1427.00,0.00,1710.27,0.00,0.00,3636.81,3137.27,0.00,23001,-499.54,0.00,0.00,FAC-A-1431,COR/GRU/GIG/GR
12345678,9691596315,23/09/2015,1,JJ,0.00,0.00,0.00,0.00,0.00,0.00,0.00,0.00,0.00,VOID,0.00,0.00,0.00,0,COR/GRU/GIG/GR
12345678,9691596316,23/09/2015,1,JJ,0.00,0.00,0.00,0.00,0.00,0.00,0.00,0.00,0.00,VOID,0.00,0.00,0.00,0,COR/GRU/GIG/GR
12345678,9691596317,23/09/2015,1,JJ,0.00,0.00,0.00,0.00,0.00,0.00,0.00,0.00,0.00,VOID,0.00,0.00,0.00,0,COR/GRU/GIG/GR
12345678,9691596318,23/09/2015,1,JJ,0.00,0.00,0.00,0.00,0.00,0.00,0.00,0.00,0.00,VOID,0.00,0.00,0.00,0,COR/GRU/GIG/GR
12345678,9691596319,23/09/2015,1,JJ,0.00,0.00,0.00,0.00,0.00,0.00,0.00,0.00,0.00,VOID,0.00,0.00,0.00,0,COR/GRU/GIG/GR
12345678,9691596320,23/09/2015,0,4M,2108.00,2108.00,0.00,363.88,0.00,21.08,2402.00,2417.00,42.16,,231.30,0.00,21.08,0,COR/AEP
12345678,9691596321,23/09/2015,0,AR,1404.00,1404.00,0.00,254.95,0.00,42.12,1612.41,1627.41,0.00,,154.05,0.00,42.12,0,AEP/COR
12345678,9691596322,23/09/2015,0,CM,2855.00,2855.00,0.00,2752.00,0.00,28.55,6577.75,5794.80,0.00,22983,-999.30,0.00,28.55,FAC-A-1408,VVI/PTY/UIO/PTY/
12345678,9691596323,23/09/2015,0,CM,2855.00,2855.00,0.00,2752.00,0.00,28.55,6577.75,5794.80,0.00,22983,-999.30,0.00,28.55,FAC-A-1408,VVI/PTY/UIO/PTY/
12345678,9691596324,23/09/2015,0,CM,2770.00,2770.00,0.00,2482.10,0.00,27.70,6193.90,5439.90,0.00,22983,-969.50,0.00,27.70,FAC-A-1408,VVI/PTY/UIO - 
12345678,9691596326,24/09/2015,0,JJ,1757.00,1757.00,0.00,2349.90,0.00,17.57,4556.63,4294.80,175.00,22984,-643.00,0.00,17.57,FAC-A-1434,COR/GRU/LHR/G
12345678,9691596327,24/09/2015,0,AR,2889.00,2889.00,0.00,522.45,0.00,86.67,3315.68,3345.68,0.00,22985,317.00,0.00,86.67,FAC-A-1432,JUJ/MDZ/JUJ
12345678,9691596328,24/09/2015,0,AR,3420.00,3420.00,0.00,5138.60,0.00,102.60,10274.50,8387.60,171.00,22986,-1989.50,0.00,102.60,FAC-B-339,COR/EZE/MAD
12345678,9691596329,24/09/2015,0,IB,1154.00,1154.00,0.00,643.80,0.00,11.54,2190.16,1797.80,0.00,22986,-403.90,0.00,11.54,FAC-B-339,MAD/VLC
12345678,9691596330,24/09/2015,0,DL,9940.00,9940.00,0.00,5221.30,0.00,99.40,18540.90,15490.13,0.00,22987,-3479.00,0.00,99.40,0,EZE/ATL/LAX/SL
12345678,9691596332,24/09/2015,0,LA,8061.00,8061.00,0.00,4430.00,0.00,80.61,14828.74,12249.17,403.00,22988,-2821.40,0.00,80.61,FAC-A-1433,COR/LIM/MEX/SC
12345678,9691596333,24/09/2015,0,AR,2097.00,2097.00,0.00,399.83,0.00,62.91,2427.31,2457.31,0.00,23013,230.04,0.00,62.91,FAC-A-1422,AEP/COR/AEP
12345678,9691596334,24/09/2015,0,AR,2166.00,2166.00,0.00,410.59,0.00,64.98,2504.79,2534.79,0.00,23013,237.67,0.00,64.98,FAC-A-1422,AEP/COR/AEP
12345678,9691596335,24/09/2015,0,4M,2585.00,2585.00,0.00,475.33,0.00,25.85,2974.64,3004.64,51.70,23013,283.58,0.00,25.85,FAC-A-1422,AEP/COR/AEP
12345678,9691596336,24/09/2015,0,4M,2585.00,2585.00,0.00,475.33,0.00,25.85,2974.64,3004.64,51.70,23013,283.58,0.00,25.85,FAC-A-1422,AEP/COR/AEP
12345678,9691596337,24/09/2015,0,4M,2585.00,2585.00,0.00,475.33,0.00,25.85,2974.64,3004.64,51.70,23013,283.58,0.00,25.85,FAC-A-1422,AEP/COR/AEP
12345678,9691596338,24/09/2015,0,4M,2585.00,2585.00,0.00,475.33,0.00,25.85,2974.64,3004.64,51.70,23013,283.58,0.00,25.85,FAC-A-1422,AEP/COR/AEP
12345678,9691596339,24/09/2015,0,JJ,140.85,0.00,140.85,56.33,0.00,0.00,246.47,197.18,0.00,22998,-49.29,0.00,0.00,FAC-A-1429,COR/GRU/GIG/GR
12345678,9691596340,24/09/2015,0,JJ,1878.00,0.00,1878.00,1890.57,0.00,0.00,4425.87,3768.57,0.00,22998,-657.30,0.00,0.00,FAC-A-1429,COR/GRU/GIG/GR
12345678,9691596341,24/09/2015,0,JJ,1878.00,0.00,1878.00,1890.57,0.00,0.00,4425.87,3768.57,0.00,22998,-657.30,0.00,0.00,FAC-A-1429,COR/GRU/GIG/GR
12345678,9691596342,24/09/2015,0,JJ,1427.00,0.00,1427.00,1710.27,0.00,0.00,3636.81,3137.27,0.00,22998,-499.54,0.00,0.00,FAC-A-1429,COR/GRU/GIG/GR
12345678,9691596343,24/09/2015,0,JJ,1427.00,0.00,1427.00,1710.27,0.00,0.00,3636.81,3137.27,0.00,22998,-499.54,0.00,0.00,FAC-A-1429,COR/GRU/GIG/GR
12345678,9691596344,24/09/2015,0,JJ,2348.00,2348.00,0.00,2070.66,0.00,0.00,5240.28,4418.66,0.00,22994,-821.62,0.00,0.00,FAC-A-1427,COR/GRU/SSA/G
12345678,9691596345,24/09/2015,0,JJ,1737.00,1737.00,0.00,1826.52,0.00,0.00,4171.52,3563.52,0.00,22994,-608.00,0.00,0.00,FAC-A-1427,COR/GRU/SSA/G
12345678,9691596346,24/09/2015,0,JJ,2348.00,2348.00,0.00,2070.66,0.00,0.00,5240.28,4418.66,0.00,22994,-821.62,0.00,0.00,FAC-A-1427,COR/GRU/SSA/G
12345678,9691596347,24/09/2015,0,JJ,188.00,188.00,0.00,75.12,0.00,0.00,328.85,263.12,0.00,22994,-65.73,0.00,0.00,FAC-A-1427,COR/GRU/SSA/G
12345678,9691596348,24/09/2015,0,JJ,2348.00,2348.00,0.00,2070.66,0.00,0.00,5240.28,4418.66,0.00,22996,-821.62,0.00,0.00,0,COR/GRU/SSA/G
12345678,9691596349,24/09/2015,0,JJ,2348.00,2348.00,0.00,2070.66,0.00,0.00,5240.28,4418.66,0.00,22996,-821.62,0.00,0.00,0,COR/GRU/SSA/G
12345678,9691596350,24/09/2015,0,JJ,1737.00,1737.00,0.00,1826.52,0.00,0.00,4171.52,3563.52,0.00,22996,-608.00,0.00,0.00,0,COR/GRU/SSA/G
12345678,9691596351,24/09/2015,0,JJ,2348.00,2348.00,0.00,2070.66,0.00,0.00,5240.28,4418.66,0.00,22995,-821.62,0.00,0.00,FAC-A-1428,COR/GRU/SSA/G
12345678,9691596352,24/09/2015,0,JJ,2348.00,2348.00,0.00,2070.66,0.00,0.00,5240.28,4418.66,0.00,22995,-821.62,0.00,0.00,FAC-A-1428,COR/GRU/SSA/G
12345678,9691596353,24/09/2015,0,AR,1574.00,0.00,1574.00,318.98,0.00,47.22,1840.80,1870.80,0.00,22997,172.70,0.00,47.22,FAC-A-1414,AEP/COR/AEP
12345678,9691596354,24/09/2015,0,AR,1574.00,0.00,1574.00,318.98,0.00,47.22,1840.80,1870.80,0.00,22997,172.70,0.00,47.22,FAC-A-1414,AEP/COR/AEP
12345678,9691596355,24/09/2015,0,AR,2032.00,0.00,2032.00,389.77,0.00,60.96,2354.41,2384.41,0.00,23009,222.91,0.00,60.96,FAC-A-1418,COR/AEP/COR
12345678,9691596356,24/09/2015,1,AR,0.00,0.00,0.00,100.00,0.00,0.00,100.00,120.00,0.00,22999,0.00,0.00,0.00,FAC-A-1415,COR/AEP/COR
12345678,9691596357,24/09/2015,0,AR,1612.00,0.00,1612.00,287.14,0.00,48.36,1845.70,1860.70,0.00,23005,176.88,0.00,48.36,FAC-A-1417,AEP/COR
12345678,9691596358,24/09/2015,0,AR,4477.00,4477.00,0.00,772.43,0.00,134.31,5101.02,5131.02,0.00,23010,491.24,0.00,134.31,FAC-A-1416,COR/CRD - 
12345678,9691596360,24/09/2015,0,AR,4477.00,4477.00,0.00,772.43,0.00,134.31,5101.02,5131.02,0.00,23010,491.24,0.00,134.31,FAC-A-1416,COR/CRD - 
12345678,9691596362,24/09/2015,0,AR,2500.00,0.00,2500.00,462.17,0.00,75.00,2879.30,2909.29,0.00,23005,274.25,0.00,75.00,FAC-A-1417,AEP/COR/AEP
12345678,9691596363,24/09/2015,0,AR,1788.00,952.27,1187.83,352.10,0.00,53.64,2080.83,2110.83,0.00,23005,196.19,0.00,53.64,FAC-A-1417,AEP/COR/AEP
12345678,9691596364,24/09/2015,0,AR,2405.00,2405.00,0.00,447.56,0.00,72.15,2772.83,2787.83,0.00,23011,263.89,0.00,72.15,FAC-A-1419,COR/AEP/COR
12345678,9691596365,24/09/2015,0,JJ,1878.00,0.00,1878.00,1890.57,0.00,0.00,4425.87,3768.57,0.00,23066,-657.30,0.00,0.00,0,COR/GRU/GIG/GR
12345678,9691596366,24/09/2015,0,JJ,1878.00,0.00,1878.00,1890.57,0.00,0.00,4425.87,3768.57,0.00,23066,-657.30,0.00,0.00,0,COR/GRU/GIG/GR
12345678,9691596367,24/09/2015,0,JJ,1427.00,2742.98,394.29,1710.27,0.00,0.00,3636.81,3137.27,0.00,23066,-499.54,0.00,0.00,0,COR/GRU/GIG/GR
12345678,9691596368,24/09/2015,0,JJ,1878.00,0.00,1878.00,1890.57,0.00,0.00,4425.87,3768.57,0.00,23066,-657.30,0.00,0.00,0,COR/GRU/GIG/GR
12345678,9691596369,24/09/2015,0,JJ,1878.00,1878.00,0.00,1890.57,0.00,0.00,4425.87,3768.57,0.00,23066,-657.30,0.00,0.00,0,COR/GRU/GIG/GR
12345678,9691596370,24/09/2015,0,AR,2097.00,681.83,1815.00,399.83,0.00,62.91,2427.31,2457.31,0.00,23012,230.04,0.00,62.91,FAC-A-1420,AEP/COR/AEP
12345678,9691596371,24/09/2015,0,AR,779.03,779.03,779.03,-779.03,0.00,0.00,960.62,980.62,0.00,23018,-960.62,0.00,0.00,FAC-A-1421,AEP/COR
12345678,9691596372,24/09/2015,0,OB,2189.00,2189.00,0.00,1711.30,0.00,131.34,4535.16,3856.52,0.00,23038,-766.20,0.00,131.34,FAC-A-1448,SLA/VVI/SLA
12345678,9691596373,25/09/2015,0,AR,3224.00,0.00,3224.00,574.28,0.00,96.72,3691.40,3721.40,0.00,23023,353.76,0.00,96.72,FAC-A-1444,COR/AEP/COR
12345678,9691596374,25/09/2015,0,AR,1654.00,1485.28,500.00,331.28,0.00,49.62,1930.45,1960.45,0.00,23022,181.43,0.00,49.62,FAC-A-1446,AEP/COR/AEP
12345678,9691596375,25/09/2015,0,AR,2569.00,0.00,2569.00,472.93,0.00,77.07,2956.77,2986.77,0.00,23025,281.88,0.00,77.07,FAC-A-1445,COR/AEP/COR
12345678,9691596376,25/09/2015,0,AR,2569.00,0.00,2569.00,472.93,0.00,77.07,2956.77,2986.77,0.00,23025,281.88,0.00,77.07,FAC-A-1445,COR/AEP/COR
12345678,9691596377,25/09/2015,0,AR,3093.00,0.00,3093.00,2183.50,0.00,92.79,5957.01,4998.13,309.00,23029,-1082.60,0.00,92.79,FAC-B-342,COR/AEP/GIG/AE
12345678,9691596378,25/09/2015,0,AR,3093.00,0.00,3093.00,2183.50,0.00,92.79,5957.01,4998.13,309.00,23029,-1082.60,0.00,92.79,FAC-B-342,COR/AEP/GIG/AE
12345678,9691596379,25/09/2015,1,4M,0.00,0.00,0.00,0.00,0.00,0.00,0.00,0.00,0.00,VOID,0.00,0.00,0.00,0,COR/AEP/COR
12345678,9691596380,25/09/2015,0,AR,1224.00,1224.00,0.00,227.10,0.00,36.72,1410.52,1440.52,0.00,23033,134.30,0.00,36.72,FAC-A-1447,AEP/COR
12345678,9691596381,25/09/2015,0,AR,731.00,731.00,0.00,150.83,0.00,21.93,857.60,872.60,0.00,23032,80.21,0.00,21.93,FAC-A-1441,TUC/COR
12345678,9691596382,25/09/2015,0,4M,2654.00,2654.00,0.00,486.09,0.00,26.54,3052.11,3082.11,53.08,23033,291.21,0.00,26.54,FAC-A-1447,COR/AEP/COR
12345678,9691596383,25/09/2015,0,4M,3273.00,3273.00,0.00,581.86,0.00,32.73,3746.36,3776.36,65.46,23034,359.13,0.00,32.73,FAC-A-1440,AEP/COR/AEP
12345678,9691596384,25/09/2015,0,4M,2108.00,2108.00,0.00,363.88,0.00,21.08,2402.00,2417.00,42.16,23034,231.30,0.00,21.08,FAC-A-1440,AEP/COR
12345678,9691596385,25/09/2015,0,AR,3057.00,0.00,3057.00,548.44,0.00,91.71,3504.10,3504.10,0.00,23036,335.43,0.00,91.71,FAC-A-1456,COR/AEP/COR
12345678,9691596386,25/09/2015,0,4M,2569.00,2569.00,0.00,472.93,0.00,25.69,2956.77,2986.77,51.38,23033,281.88,0.00,25.69,FAC-A-1447,COR/AEP/COR
12345678,9691596387,25/09/2015,0,4M,1574.00,1574.00,0.00,318.98,0.00,15.74,1840.80,1870.80,31.48,23031,172.70,0.00,15.74,FAC-A-1453,COR/AEP/COR
12345678,9691596388,25/09/2015,0,AR,6364.00,0.00,6364.00,3110.30,0.00,190.92,11510.78,9410.66,0.00,23037,-2227.40,0.00,190.92,FAC-A-1457,SCL/AEP/COR/AE
12345678,9691596389,25/09/2015,0,LA,15557.00,15557.00,0.00,7729.10,0.00,155.57,27797.68,22663.82,777.00,23040,-5445.00,0.00,155.57,FAC-A-1459,COR/SCL/JFK/YU
12345678,9691596391,25/09/2015,0,AR,3460.00,0.00,3460.00,610.72,0.00,103.80,3956.02,3986.02,0.00,23039,379.60,0.00,103.80,FAC-A-1458,COR/AEP/IGR/SL
12345678,9691596393,25/09/2015,0,AR,980.00,0.00,980.00,227.08,0.00,29.40,1174.59,1204.59,0.00,23041,107.54,0.00,29.40,FAC-A-1460,COR/TUC/COR
12345678,9691596394,25/09/2015,0,AR,980.00,424.16,782.92,227.08,0.00,29.40,1174.59,1204.59,0.00,23041,107.54,0.00,29.40,FAC-A-1460,COR/TUC/COR
12345678,9691596395,25/09/2015,0,4M,2330.00,2330.00,0.00,435.96,0.00,23.30,2688.72,2718.72,46.60,23046,255.66,0.00,23.30,FAC-A-1465,COR/AEP/COR
12345678,9691596396,25/09/2015,0,4M,2191.00,2191.00,0.00,414.44,0.00,21.91,2532.81,2562.81,43.82,23049,240.40,0.00,21.91,FAC-A-1467,COR/AEP/COR
12345678,9691596397,25/09/2015,0,4M,2271.00,2271.00,0.00,426.74,0.00,22.71,2622.46,2652.46,45.42,23048,249.13,0.00,22.71,FAC-A-1466,COR/AEP/COR
12345678,9691596398,25/09/2015,0,CM,8225.00,8225.00,0.00,4691.00,0.00,0.00,15794.80,12916.00,0.00,23067,-2878.80,0.00,0.00,0,COR/PTY/SDQ/PT
12345678,9691596399,25/09/2015,0,CM,8225.00,8225.00,0.00,4691.00,0.00,0.00,15794.80,12916.00,0.00,23067,-2878.80,0.00,0.00,0,COR/PTY/SDQ/PT
12345678,9691629600,25/09/2015,0,CM,8225.00,8225.00,0.00,4691.00,0.00,0.00,15794.80,12916.00,0.00,23067,-2878.80,0.00,0.00,0,COR/PTY/SDQ/PT
12345678,9691629601,25/09/2015,0,CM,8225.00,8225.00,0.00,4691.00,0.00,0.00,15794.80,12916.00,0.00,23067,-2878.80,0.00,0.00,0,COR/PTY/SDQ/PT
12345678,9691629602,25/09/2015,1,AR,0.00,0.00,0.00,0.00,0.00,0.00,100.00,120.00,0.00,23052,-100.00,0.00,0.00,FAC-A-1470,COR/AEP/COR
12345678,9691629603,25/09/2015,1,AR,0.00,0.00,0.00,0.00,0.00,0.00,100.00,120.00,0.00,23052,-100.00,0.00,0.00,FAC-A-1470,COR/AEP/COR
12345678,9691629604,25/09/2015,0,4M,2330.00,2330.00,0.00,435.96,0.00,23.30,2688.72,2718.72,46.60,23052,255.66,0.00,23.30,FAC-A-1470,AEP/COR/AEP
12345678,9691629605,25/09/2015,0,AR,1895.00,1895.00,0.00,330.93,0.00,56.85,2163.11,2178.11,0.00,23061,207.93,0.00,56.85,FAC-A-1477,JUJ/AEP
12345678,9691629606,25/09/2015,0,AR,1895.00,1895.00,0.00,330.93,0.00,56.85,2163.11,2178.11,0.00,23061,207.93,0.00,56.85,FAC-A-1477,JUJ/AEP
12345678,9691629607,25/09/2015,0,JJ,1880.00,1880.00,0.00,1892.58,0.00,0.00,4430.58,3772.58,0.00,23070,-658.00,0.00,0.00,0,COR/GRU/GIG/GR
12345678,9691629608,25/09/2015,0,JJ,1880.00,1880.00,0.00,1892.58,0.00,0.00,4430.58,3772.58,0.00,23073,-658.00,0.00,0.00,0,COR/GRU/GIG/GR
12345678,9691629609,25/09/2015,0,JJ,1880.00,1880.00,0.00,1892.58,0.00,0.00,4430.58,3772.58,0.00,23072,-658.00,0.00,0.00,0,COR/GRU/GIG/GR
12345678,9691629610,25/09/2015,0,JJ,1880.00,1880.00,0.00,1892.58,0.00,0.00,4430.58,3772.58,0.00,23070,-658.00,0.00,0.00,0,COR/GRU/GIG/GR
12345678,9691629611,25/09/2015,0,JJ,1880.00,1880.00,0.00,1892.58,0.00,0.00,4430.58,3772.58,0.00,23071,-658.00,0.00,0.00,0,COR/GRU/GIG/GR
12345678,9691629612,25/09/2015,0,JJ,1880.00,1880.00,0.00,1892.58,0.00,0.00,4430.58,3772.58,0.00,23073,-658.00,0.00,0.00,0,COR/GRU/GIG/GR
12345678,9691629613,25/09/2015,0,JJ,1429.00,1429.00,0.00,1712.10,0.00,0.00,3641.18,3141.10,0.00,23073,-500.08,0.00,0.00,0,COR/GRU/GIG/GR
12345678,9691629614,25/09/2015,0,JJ,3516.00,3516.00,0.00,2539.30,0.00,35.16,6863.98,5738.86,386.00,23054,-1230.60,0.00,35.16,FAC-A-1472,COR/GRU/CWB/G
12345678,9691629615,25/09/2015,0,JJ,3516.00,3516.00,0.00,2539.30,0.00,35.16,6863.98,5738.86,386.00,23054,-1230.60,0.00,35.16,FAC-A-1472,COR/GRU/CWB/G
12345678,9691629616,25/09/2015,0,AR,3987.00,0.00,3987.00,654.62,0.00,119.61,4509.45,4539.45,0.00,23055,437.48,0.00,119.61,FAC-A-1473,COR/AEP/SLA
12345678,9691629617,25/09/2015,0,CM,9259.00,9259.00,0.00,5104.60,0.00,0.00,17604.30,14363.60,0.00,23064,-3240.70,0.00,0.00,0,COR/PTY/PUJ/PT
12345678,9691629618,25/09/2015,0,CM,9259.00,9259.00,0.00,5104.60,0.00,0.00,17604.30,14363.60,0.00,23064,-3240.70,0.00,0.00,0,COR/PTY/PUJ/PT
12345678,9691629619,25/09/2015,0,AR,2500.00,2500.00,0.00,462.17,0.00,75.00,2879.30,2909.29,0.00,23081,274.25,0.00,75.00,FAC-A-1481,COR/AEP/COR
12345678,9691629620,25/09/2015,0,KL,12164.00,12164.00,0.00,12869.90,0.00,121.64,30298.04,24671.41,602.00,23056,-5987.90,0.00,121.64,FAC-A-1474,EZE/AMS/BLQ/A
12345678,9691629622,25/09/2015,0,AR,2253.00,0.00,2253.00,424.02,0.00,67.59,2602.33,2632.33,0.00,23062,247.20,0.00,67.59,FAC-A-1478,TUC/AEP/TUC
12345678,9691629623,25/09/2015,0,AR,1802.00,0.00,1802.00,354.26,0.00,54.06,2096.52,2126.52,0.00,23062,197.72,0.00,54.06,FAC-A-1478,TUC/AEP/TUC
12345678,9691629624,25/09/2015,0,AR,1802.00,0.00,1802.00,354.26,0.00,54.06,2096.52,2126.52,0.00,23062,197.72,0.00,54.06,FAC-A-1478,TUC/AEP/TUC
12345678,9691629625,25/09/2015,0,AR,1915.00,0.00,1915.00,371.67,0.00,57.45,2223.19,2253.19,0.00,23062,210.07,0.00,57.45,FAC-A-1478,TUC/AEP/TUC
12345678,9691629626,26/09/2015,0,AZ,8497.00,8497.00,0.00,11890.20,0.00,84.97,24167.33,20387.20,841.00,23084,-4706.30,0.00,84.97,FAC-A-1482,EZE/FCO - 
12345678,9691629628,26/09/2015,0,AZ,8497.00,8497.00,0.00,11890.20,0.00,84.97,24167.33,20387.20,841.00,23084,-4706.30,0.00,84.97,FAC-A-1482,EZE/FCO - 
12345678,9691629630,26/09/2015,0,AR,5919.00,5919.00,0.00,3562.30,0.00,177.57,10487.58,8711.83,887.00,23085,-2071.70,0.00,177.57,FAC-B-346,COR/MIA/COR
12345678,9691629631,26/09/2015,0,AR,2276.00,0.00,2276.00,427.60,0.00,68.28,2628.15,2658.15,0.00,23090,249.74,0.00,68.28,FAC-A-1487,AEP/TUC/AEP
12345678,9691629633,26/09/2015,1,LA,0.00,0.00,0.00,0.00,0.00,0.00,0.00,0.00,0.00,VOID,0.00,0.00,0.00,0,COR/SCL/LIM/SCL
12345678,9691629634,27/09/2015,0,LA,5712.00,5712.00,0.00,3410.50,0.00,57.12,11064.58,9122.50,0.00,23098,-1999.20,0.00,57.12,FAC-B-347,COR/LIM/ANF/SC
12345678,9691629635,27/09/2015,0,LA,5787.00,5787.00,0.00,3347.00,0.00,57.87,10928.02,9018.26,173.00,23098,-2025.50,0.00,57.87,FAC-B-347,COR/LIM/COR/AE
