IATA Nº,CIA,Nro. Ticket,Fec. Emi.,$,Cash,Tarjeta,TT,Tarifa,IMP TOT,,IVA,Com. Iata,Over,,Neto,,Ref.,,Nombre Pax
12345678,LH,3157963162,07/01/2019,$,76856.70,0.00,76856.70,46937.00,29919.70,,0.00,0.00,0.00,,76856.70,,2,,PASCUAL/MARCELORAULMR
12345678,LH,3157963163,07/01/2019,$,76856.70,0.00,76856.70,46937.00,29919.70,,0.00,0.00,0.00,,76856.70,,2,,REAL/NORAALICIAMRS
12345678,AR,3157963164,07/01/2019,$,0.00,2943.64,2943.64,2454.00,220.37,,269.27,0.00,0.00,,0.00,,7,,MELITSKO/MARCELOMR
12345678,AR,3157963165,07/01/2019,$,2941.33,0.00,2941.33,2452.00,220.28,,269.05,0.00,73.56,,2867.77,,8,,PIAGGIOOLIVERA/LEONARDOMR
12345678,AR,3157963166,07/01/2019,$,2941.33,0.00,2941.33,2452.00,220.28,,269.05,0.00,73.56,,2867.77,,8,,ZAMPONI/CECILIAMRS
12345678,AR,3157963167,07/01/2019,$,0.00,0.00,0.00,0.00,0.00,,0.00,0.00,0.00,,0.00,,8,,PIAGGIOOLIVERA/LEONARDOMR
12345678,DY,3157963168,07/01/2019,$,1950.57,0.00,1950.57,1594.00,181.67,,174.90,0.00,0.00,,1950.57,,9,,PIAGGIOOLIVERA/LEONARDOMR
12345678,DY,3157963169,07/01/2019,$,1950.57,0.00,1950.57,1594.00,181.67,,174.90,0.00,0.00,,1950.57,,9,,ZAMPONI/CECILIAMRS
12345678,AR,3157963171,07/01/2019,$,11987.70,0.00,11987.70,6699.00,5288.70,,0.00,0.00,0.00,,11987.70,,10,,AVALOSMELGAREJO/LAURAMRS
12345678,AR,3157963172,07/01/2019,$,11987.70,0.00,11987.70,6699.00,5288.70,,0.00,0.00,0.00,,11987.70,,10,,LEZCANO/CLAUDIABERNARDINAMRS
12345678,4M,3157963173,07/01/2019,$,1488.68,0.00,1488.68,1194.00,163.67,,131.01,0.00,0.00,,1488.68,,11,,BUSTOS/LUCASDANIELMR
12345678,4M,3157963174,07/01/2019,$,0.00,3488.83,3488.83,2831.00,347.25,,310.58,0.00,0.00,,0.00,,12,,RIVADERO/RUBENSEBASTIANMR
12345678,4M,3157963175,07/01/2019,$,0.00,3488.83,3488.83,2831.00,347.25,,310.58,0.00,0.00,,0.00,,12,,APRICANO/MIGUELMR
12345678,AR,3157963176,07/01/2019,$,60122.60,0.00,60122.60,30407.00,29715.60,,0.00,0.00,1520.35,,58602.25,,13,,MASTROPABLO/DANIELOMARMR
12345678,AR,3157963177,07/01/2019,$,60122.60,0.00,60122.60,30407.00,29715.60,,0.00,0.00,1520.35,,58602.25,,13,,MASSONE/MONICAGILDAMRS
12345678,4M,3157963178,07/01/2019,$,0.00,3238.10,3238.10,2709.00,231.85,,297.25,0.00,0.00,,0.00,,14,,RICCI/NATALIAMRS
12345678,4M,3157963179,07/01/2019,$,0.00,2925.16,2925.16,2438.00,219.65,,267.51,0.00,0.00,,0.00,,14,,RUSSORICCI/CARLAMARIACHD
12345678,DY,3157963180,07/01/2019,$,5126.07,0.00,5126.07,4344.00,305.42,,476.65,0.00,0.00,,5126.07,,15,,RICCI/NATALIAMRS
12345678,DY,3157963181,07/01/2019,$,3949.41,0.00,3949.41,3325.00,259.57,,364.84,0.00,0.00,,3949.41,,15,,RUSSORICCI/CARLAMARIACHD
12345678,LA,3157963182,07/01/2019,$,15780.50,0.00,15780.50,11397.00,4383.50,,0.00,0.00,0.00,,15780.50,,16,,CRESPOMENEND/FACUNDOJOAQUINMR
12345678,G3,3157963183,07/01/2019,$,29896.40,0.00,29896.40,23186.00,6710.40,,0.00,0.00,0.00,,29896.40,,17,,KULWINSKI/HORACIOALBERTO
12345678,G3,3157963184,07/01/2019,$,29896.40,0.00,29896.40,23186.00,6710.40,,0.00,0.00,0.00,,29896.40,,17,,KULWINSKI/ALEJANDROGABRIEL
12345678,DY,3157963185,07/01/2019,$,4882.66,0.00,4882.66,4038.00,401.59,,443.07,0.00,0.00,,4882.66,,18,,BOMBELLI/ARIANAMELINAMRS
12345678,AR,3157963186,07/01/2019,$,3980.00,0.00,3980.00,3980.00,-436.71,,436.71,0.00,0.00,,3980.00,,19,,SAVA/ALBERTOMR
12345678,AR,3157963187,07/01/2019,$,1804.26,0.00,1804.26,913.00,791.08,,100.18,0.00,0.00,,1804.26,,2,,CAVALIERI/GABRIELJOSEMR
12345678,AR,3157963188,07/01/2019,$,1804.26,0.00,1804.26,913.00,791.08,,100.18,0.00,0.00,,1804.26,,2,,PASCUAL/MARCELORAULMR
12345678,AR,3157963189,07/01/2019,$,1269.63,0.00,1269.63,450.00,770.25,,49.38,0.00,0.00,,1269.63,,2,,CAVALIERI/GABRIELJOSEMR
12345678,AR,3157963190,07/01/2019,$,1269.63,0.00,1269.63,450.00,770.25,,49.38,0.00,0.00,,1269.63,,2,,SANCHEZVILLASUSO/MARIAMRS
12345678,4M,3157963191,07/01/2019,$,10859.52,0.00,10859.52,9214.00,634.51,,1011.01,0.00,0.00,,10859.52,,21,,LAFONT/MARTINMR
12345678,4M,3157963192,07/01/2019,$,10859.52,0.00,10859.52,9214.00,634.51,,1011.01,0.00,0.00,,10859.52,,21,,CANTERO/GERALDINAMRS
12345678,4M,3157963193,07/01/2019,$,9796.02,0.00,9796.02,8293.00,593.07,,909.95,0.00,0.00,,9796.02,,21,,LAFONT/GAELCHD
12345678,AA,3157963194,07/01/2019,$,36972.10,0.00,36972.10,29145.00,7827.10,,0.00,291.45,0.00,,36680.65,,22,,GARCIABAVAUD/MARIANOABELMR
12345678,AA,3157963195,07/01/2019,$,36972.10,0.00,36972.10,29145.00,7827.10,,0.00,291.45,0.00,,36680.65,,22,,SORIANI/ANALIABEATRIZMRS
12345678,AA,3157963196,07/01/2019,$,36972.10,0.00,36972.10,29145.00,7827.10,,0.00,291.45,0.00,,36680.65,,22,,GARCIASORIANI/AGUSTINJAVIERMR
12345678,AA,3157963197,07/01/2019,$,36972.10,0.00,36972.10,29145.00,7827.10,,0.00,291.45,0.00,,36680.65,,22,,GARCIASORIANI/MARTINALEJOMR
12345678,AA,3157963198,07/01/2019,$,36972.10,0.00,36972.10,29145.00,7827.10,,0.00,291.45,0.00,,36680.65,,22,,GARCIASORIANI/MATIASNICOLASMR
12345678,AV,3157963199,07/01/2019,$,22348.10,0.00,22348.10,15399.00,6949.10,,0.00,0.00,0.00,,22348.10,,23,,PEREZ/MARCELAEDITHMRS
12345678,AV,3157963200,07/01/2019,$,22348.10,0.00,22348.10,15399.00,6949.10,,0.00,0.00,0.00,,22348.10,,23,,GIURATO/JUANSALVADORMR
12345678,AR,3157963201,07/01/2019,$,5927.61,0.00,5927.61,4943.00,442.29,,542.32,0.00,0.00,,5927.61,,24,,ZARIELLO/DANIELMR
12345678,AR,3157963202,07/01/2019,$,5927.61,0.00,5927.61,4943.00,442.29,,542.32,0.00,0.00,,5927.61,,24,,VEGA/AMELIAMR
12345678,DY,3157963203,07/01/2019,$,2636.48,0.00,2636.48,2188.00,208.40,,240.08,0.00,0.00,,2636.48,,25,,GORDILLO/ABRILMRS
12345678,AA,3157963204,07/01/2019,$,0.00,49307.00,49307.00,40673.00,8634.00,,0.00,406.73,2013.31,,-2420.04,,26,,VILLALBA/CRISTIANESTEBANMR
12345678,AR,3157963205,07/01/2019,$,29059.40,0.00,29059.40,21750.00,7309.40,,0.00,0.00,2175.00,,26884.40,,27,,GAZZE/JOSELUISMR
12345678,AR,3157963206,07/01/2019,$,,,0.00,,0.00,,,,,,,,27,,GAZZE/JOSELUISMR
12345678,AR,3157963207,07/01/2019,$,29059.40,0.00,29059.40,,7309.40,,,,,,,,27,,FEIJOODELGADO/SOLDEOLINDAMRS
12345678,AR,3157963208,07/01/2019,$,,,0.00,,0.00,,,,,,,,27,,FEIJOODELGADO/SOLDEOLINDAMRS
12345678,4M,3157963209,07/01/2019,$,36739.90,0.00,36739.90,,7811.90,,,,,,,,28,,LIVACHOF/ALBERTOMR
12345678,AA,3157963210,07/01/2019,$,82726.30,0.00,82726.30,,10820.30,,,,,,,,44,,LUTHARDGUTIERREZ/INESMARIAMRS
12345678,LA,3157963211,07/01/2019,$,18282.90,0.00,18282.90,,5971.90,,,,,,,,45,,BAZAN/ROSAELIZABETHMRS
12345678,LA,3157963212,07/01/2019,$,,,0.00,,0.00,,,,,,,,45,,BAZAN/ROSAELIZABETHMRS
12345678,LA,3157963213,07/01/2019,$,,,0.00,,0.00,,,,,,,,45,,BAZAN/ROSAELIZABETHMRS
12345678,AR,3157963214,07/01/2019,$,7502.39,0.00,7502.39,,581.39,,,,,,,,46,,BOURDIN/MARCIALMR
12345678,AR,3157963215,07/01/2019,$,7502.39,0.00,7502.39,,581.39,,,,,,,,46,,BOURDIN/GASTONMR
12345678,4M,3157963216,07/01/2019,$,10405.47,0.00,10405.47,,511.16,,,,,,,,47,,MOLLEKER/ANAMARIAMRS
12345678,4M,3157963217,07/01/2019,$,10405.47,0.00,10405.47,,511.16,,,,,,,,47,,MONTIEL/YERIMENAILENMRS
12345678,4M,3157963218,07/01/2019,$,10405.47,0.00,10405.47,,511.16,,,,,,,,47,,STIEB/ALEJANDRADELVALLEMRS
12345678,AR,3157963219,07/01/2019,$,16279.56,0.00,16279.56,,740.08,,,,,,,,48,,MOLLEKER/ANAMARIAMRS
12345678,AR,3157963220,07/01/2019,$,16279.56,0.00,16279.56,,740.08,,,,,,,,48,,MONTIEL/YERIMENAILENMRS
12345678,AR,3157963221,07/01/2019,$,16279.56,0.00,16279.56,,740.08,,,,,,,,48,,STIEB/ALEJANDRADELVALLEMRS
12345678,AR,3157963222,07/01/2019,$,9753.48,0.00,9753.48,,615.48,,,,,,,,49,,MONSERRAT/MARIELANDREAMRS
12345678,CM,3157963223,07/01/2019,$,33145.80,0.00,33145.80,,7480.80,,,,,,,,50,,MARTINEZ/MAXIMILIANOMR
12345678,CM,3157963224,07/01/2019,$,33145.80,0.00,33145.80,,7480.80,,,,,,,,50,,NOGUEROL/MARIASOLEDADMRS
12345678,AR,3157963225,07/01/2019,$,7261.39,0.00,7261.39,,494.29,,,,,,,,51,,KWIST/LUCIAMRS
12345678,AR,3157963226,07/01/2019,$,5280.00,0.00,5280.00,,0.00,,,,,,,,52,,BERNIS/CAROLINAANDREAMRS
12345678,AR,3157963227,07/01/2019,$,5280.00,0.00,5280.00,,0.00,,,,,,,,52,,MORAN/AGUSTINAEMILIAMRS
12345678,4M,3157963228,07/01/2019,$,1488.68,0.00,1488.68,,163.67,,,,,,,,53,,GUGLIALMELLI/MARIAFERNANDAMRS
12345678,AR,3157963229,07/01/2019,$,0.00,2294.68,2294.68,,195.08,,,,,,,,54,,BRUNO/JESSICAEUGENIAMRS
12345678,DY,3157963230,07/01/2019,$,2195.37,0.00,2195.37,,191.21,,,,,,,,55,,MONTENEGRO/GRACIELANELIDAMRS
12345678,DY,3157963231,07/01/2019,$,1608.77,0.00,1608.77,,168.35,,,,,,,,56,,MONTENEGRO/GRACIELANELIDAMRS
12345678,IB,3157963232,07/01/2019,$,7283.00,0.00,7283.00,,925.00,,,,,,,,58,,RODRIGUEZPARDAL/ROBERTOMR
12345678,4M,3157963233,07/01/2019,$,0.00,3133.17,3133.17,,333.39,,,,,,,,60,,ALICATA/RUBENANTONIOMR
12345678,4M,3157963234,07/01/2019,$,0.00,3133.17,3133.17,,333.39,,,,,,,,60,,FIERRO/HERMINIAMARCELAMRS
12345678,AR,3157963235,07/01/2019,$,7018.16,0.00,7018.16,,459.69,,,,,,,,62,,BALLESTER/GRACIELALAURAMRS
12345678,AA,3157963236,07/01/2019,$,32338.90,0.00,32338.90,,25508.90,,,,,,,,63,,CAPPIELLO/LUCILAMRS
12345678,4M,3157963237,07/01/2019,$,0.00,3121.56,3121.56,,402.73,,,,,,,,65,,SUAREZ/OLGAISABEL
12345678,AF,3157963238,07/01/2019,$,83700.70,0.00,83700.70,,22408.70,,,,,,,,67,,NEME/ANDREAEMILIAMRS
12345678,DY,3157963239,07/01/2019,$,1900.92,0.00,1900.92,,179.74,,,,,,,,69,,OLIVELLA/ALICIA
12345678,4M,3157963240,07/01/2019,$,2122.63,0.00,2122.63,,188.38,,,,,,,,70,,OLIVELLA/ALICIA
12345678,G3,3157963241,07/01/2019,$,16373.50,0.00,16373.50,,5150.50,,,,,,,,71,,MORALES/ALBERTOOSCARMR
12345678,G3,3157963242,07/01/2019,$,16373.50,0.00,16373.50,,5150.50,,,,,,,,71,,SAURO/GLADYSSANDRAMRS
12345678,AR,3157963243,07/01/2019,$,0.00,10441.51,10441.51,,618.22,,,,,,,,72,,ROMERO/CARLOSEDUARDOMR
12345678,LA,3157963244,07/01/2019,$,19220.50,0.00,19220.50,,5909.50,,,,,,,,73,,TORRESLEYVA/LUZMARINAMRS
12345678,CM,3157963245,07/01/2019,$,30728.50,0.00,30728.50,,5933.50,,,,,,,,74,,BARBIERI/DANIELGUILLERMOMR
12345678,CM,3157963246,07/01/2019,$,30728.50,0.00,30728.50,,5933.50,,,,,,,,74,,HERRERAREYES/LAZARAMARELISMRS
12345678,CM,3157963247,07/01/2019,$,0.00,34088.60,34088.60,,8901.60,,,,,,,,75,,BARRIENTOS/CARLOSALBERTOMR
12345678,CM,3157963248,07/01/2019,$,0.00,34088.60,34088.60,,8901.60,,,,,,,,75,,AUERBACH/CRISTINAVALERIAMRS
12345678,LH,3157963249,07/01/2019,$,9675.90,0.00,9675.90,,5602.90,,,,,,,,76,,LAMAS/DANIELHERNANMR
12345678,LH,3157963250,07/01/2019,$,9675.90,0.00,9675.90,,5602.90,,,,,,,,76,,CLAUS/NELIDAESTERMRS
12345678,4M,3157963251,07/01/2019,$,0.00,1776.21,1776.21,,174.88,,,,,,,,77,,RUIZLUQUES/VICTORIAMRS
12345678,4M,3157963252,07/01/2019,$,0.00,1776.21,1776.21,,174.88,,,,,,,,77,,ABDALA/EMIRMR
12345678,KL,3157963253,07/01/2019,$,34013.00,0.00,34013.00,,18744.00,,,,,,,,78,,MULLER/AZUCENAMARIAMRS
12345678,UX,3157963254,07/01/2019,$,13472.90,0.00,13472.90,,11733.90,,,,,,,,79,,DELRIO/VALERIAPAULAMRS
12345678,UX,3157963255,07/01/2019,$,13472.90,0.00,13472.90,,11733.90,,,,,,,,79,,LOUDET/PABLOMARTINMR
12345678,UX,3157963256,07/01/2019,$,13074.90,0.00,13074.90,,11733.90,,,,,,,,79,,LOUDET/HELENACHD
12345678,UX,3157963257,07/01/2019,$,13074.90,0.00,13074.90,,11733.90,,,,,,,,79,,LOUDET/PEDROCHD
12345678,AR,3157963258,07/01/2019,$,50633.00,0.00,50633.00,,28274.00,,,,,,,,80,,BRESSAN/FACUNDONAHUELMR
12345678,4M,3157963259,07/01/2019,$,2283.13,0.00,2283.13,,194.63,,,,,,,,81,,ALDERETE/JOSELUISMR
12345678,4M,3157963260,07/01/2019,$,5475.95,0.00,5475.95,,319.06,,,,,,,,82,,ALDERETE/JOSELUISMR
12345678,4M,3157963261,07/01/2019,$,5724.46,0.00,5724.46,,434.40,,,,,,,,83,,PACIO/RICARDOISMAELMR
12345678,4M,3157963262,07/01/2019,$,5724.46,0.00,5724.46,,434.40,,,,,,,,83,,RODRIGUEZ/MARCELAMARTAMRS
12345678,4M,3157963263,07/01/2019,$,5427.69,0.00,5427.69,,422.83,,,,,,,,84,,PACIO/MARIALUCILAMRS
12345678,LA,3157963264,07/01/2019,$,23868.30,0.00,23868.30,,6337.30,,,,,,,,85,,PALAVECINO/MARCELOMR
12345678,LA,3157963265,07/01/2019,$,,,0.00,,0.00,,,,,,,,85,,PALAVECINO/MARCELOMR
12345678,LA,3157963266,07/01/2019,$,23868.30,0.00,23868.30,,6337.30,,,,,,,,85,,PALAVECINO/THOMASMR
12345678,LA,3157963267,07/01/2019,$,,,0.00,,0.00,,,,,,,,85,,PALAVECINO/THOMASMR
12345678,DY,3157963268,07/01/2019,$,2725.63,0.00,2725.63,,317.53,,,,,,,,86,,LOOSE/LUCASANIBALMR
12345678,4M,3157963269,07/01/2019,$,3264.89,0.00,3264.89,,338.55,,,,,,,,87,,LOPEZZORRILLA/JOAQUINMR
12345678,4M,3157963270,07/01/2019,$,2376.91,0.00,2376.91,,303.94,,,,,,,,88,,SCHALE/MALENAMRS
12345678,AR,3157963271,07/01/2019,$,6986.33,0.00,6986.33,,377.92,,,,,,,,89,,HERRERA/LILIANAJOSEFINAMRS
12345678,AR,3157963272,07/01/2019,$,6159.71,0.00,6159.71,,451.34,,,,,,,,90,,MORON/JUDITHESTHERMRS
12345678,4M,3157963273,07/01/2019,$,2902.23,0.00,2902.23,,324.39,,,,,,,,91,,GIMENEZ/CARMENBEATRIZMRS
12345678,4M,3157963274,07/01/2019,$,2902.23,0.00,2902.23,,324.39,,,,,,,,91,,ROJAS/RUBENOSCARMR
12345678,4M,3157963275,07/01/2019,$,2761.35,0.00,2761.35,,318.90,,,,,,,,91,,ROJAS/MORENASORAYACHD
12345678,AR,3157963276,07/01/2019,$,7605.26,0.00,7605.26,,402.04,,,,,,,,92,,SOLERPUJOL/MARTINMR
12345678,AR,3157963277,07/01/2019,$,3650.33,0.00,3650.33,,247.91,,,,,,,,93,,SOLERPUJOL/MARTINMR
12345678,AR,3157963278,07/01/2019,$,0.00,2954.03,2954.03,,220.78,,,,,,,,94,,REDT/CONSTANTMR
12345678,AZ,3621047406,07/01/2019,$,16996.70,0.00,16996.70,,15256.70,,,,,,,,215,,DELRIO/VALERIA PAULA
12345678,AZ,3621047407,07/01/2019,$,16996.70,0.00,16996.70,,15256.70,,,,,,,,215,,LOUDET/PABLO MARTIN
12345678,AZ,3621047408,07/01/2019,$,16382.70,0.00,16382.70,,15077.70,,,,,,,,215,,LOUDET/HELENA
12345678,AZ,3621047409,07/01/2019,$,16382.70,0.00,16382.70,,15077.70,,,,,,,,215,,LOUDET/PEDRO
12345678,AA,3621179976,07/01/2019,$,6903.50,0.00,6903.50,,1683.50,,,,,,,,205,,RODRIGUEZ/MARIA ALEJANDRA
12345678,AA,3621179977,07/01/2019,$,6903.50,0.00,6903.50,,1683.50,,,,,,,,205,,ROVEDA/MARIANELA
12345678,AA,3621179978,07/01/2019,$,14243.30,0.00,14243.30,,4064.30,,,,,,,,207,,RODRIGUEZ/MARIA ALEJANDRA
12345678,AA,3621179979,07/01/2019,$,14243.30,0.00,14243.30,,4064.30,,,,,,,,207,,ROVEDA/MARIANELA
12345678,CM,3157963279,07/02/2019,$,26856.30,0.00,26856.30,,6979.30,,,,,,,,289,,RUIZ/JAZMINANAHIMRS
12345678,AZ,3157963280,07/02/2019,$,8260.30,0.00,8260.30,,4301.30,,,,,,,,290,,VENTURINI/HERNANMR
12345678,CM,3157963281,07/02/2019,$,26856.30,0.00,26856.30,,6979.30,,,,,,,,291,,SILVA/RAFAELEDGARDOMR
12345678,AR,3157963282,07/02/2019,$,19269.00,0.00,19269.00,,5902.00,,,,,,,,292,,HINDI/EDUARDOCARLOSMR
12345678,DY,3157963283,07/02/2019,$,34542.30,0.00,34542.30,,9847.30,,,,,,,,293,,GEMETTO/LORENAMRS
12345678,AR,3157963284,07/02/2019,$,6290.27,0.00,6290.27,,456.45,,,,,,,,294,,AVERSA/DAMIANMR
12345678,G3,3157963285,07/02/2019,$,0.00,8287.50,8287.50,,735.50,,,,,,,,296,,GONALONS/MARIADELOURDESMRS
12345678,G3,3157963286,07/02/2019,$,0.00,8287.50,8287.50,,735.50,,,,,,,,296,,CASSANO/ARIELAUGUSTOMR
12345678,G3,3157963287,07/02/2019,$,0.00,6377.50,6377.50,,735.50,,,,,,,,296,,CASSANO/LUCASUGNACIOCHD
12345678,G3,3157963288,07/02/2019,$,0.00,6377.50,6377.50,,735.50,,,,,,,,296,,CASSANO/FELIPENAHUELCHD
12345678,LA,3157963289,07/02/2019,$,11148.00,0.00,11148.00,,5506.00,,,,,,,,297,,CUELLO/MARIAPAULAMRS
12345678,LA,3157963290,07/02/2019,$,,,0.00,,0.00,,,,,,,,297,,CUELLO/MARIAPAULAMRS
12345678,4M,3157963291,07/02/2019,$,6546.47,0.00,6546.47,,536.20,,,,,,,,299,,SZNEIBERG/ARIELMR
12345678,AR,3157963292,07/02/2019,$,0.00,8720.97,8720.97,,551.17,,,,,,,,300,,FLEITAS/MARIATERESAMRS
12345678,4M,3157963293,07/02/2019,$,2982.90,0.00,2982.90,,221.90,,,,,,,,17891,,BORTONI/JULIOESTEBANMR
12345678,4M,3157963294,07/02/2019,$,2982.90,0.00,2982.90,,221.90,,,,,,,,17891,,PEREA/ELIZABETHSOLEDADMRS
12345678,4M,3157963295,07/02/2019,$,0.00,0.00,0.00,,0.00,,,,,,,,17891,,BORTONI/GIOVANNIESTEBANINF
12345678,AR,3157963296,07/02/2019,$,4198.83,0.00,4198.83,,269.29,,,,,,,,17892,,BORTONI/JULIOESTEBANMR
12345678,AR,3157963297,07/02/2019,$,4198.83,0.00,4198.83,,269.29,,,,,,,,17892,,PEREA/ELIZABETHSOLEDADMRS
12345678,AR,3157963298,07/02/2019,$,0.00,0.00,0.00,,0.00,,,,,,,,17892,,BORTONI/GIOVANNIESTEBANINF
12345678,AR,3157963299,07/02/2019,$,0.00,17133.60,17133.60,,5198.60,,,,,,,,302,,CHALDARIS/HECTORMR
12345678,AR,3157963300,07/02/2019,$,,,0.00,,0.00,,,,,,,,302,,CHALDARIS/HECTORMR
12345678,AZ,3157963301,07/02/2019,$,104095.90,0.00,104095.90,,32528.90,,,,,,,,303,,LEON/RUBENIGNACIOMR
12345678,AR,3157963302,07/02/2019,$,0.00,3504.99,3504.99,,347.88,,,,,,,,305,,TEMPRANO/MARIADELAPAZMRS
12345678,AR,3157963303,07/02/2019,$,0.00,3504.99,3504.99,,347.88,,,,,,,,305,,OLIVERO/LUCIANAMRS
12345678,UA,3157963304,07/02/2019,$,39647.20,0.00,39647.20,,16211.20,,,,,,,,307,,RUSSO/NADIASOLEDADMRS
12345678,UA,3157963305,07/02/2019,$,,,0.00,,0.00,,,,,,,,307,,RUSSO/NADIASOLEDADMRS
12345678,DL,3157963306,07/02/2019,$,6857.00,0.00,6857.00,,1407.00,,,,,,,,311,,PARLAVECCHIO/LUCIANOGASTON
12345678,DL,3157963307,07/02/2019,$,6857.00,0.00,6857.00,,1407.00,,,,,,,,311,,CASTRO/CELESTESOLEDAD
12345678,AA,3157963308,07/02/2019,$,9908.60,0.00,9908.60,,1268.60,,,,,,,,314,,PARLAVECCHIO/LUCIANOGASTON
12345678,AA,3157963309,07/02/2019,$,9908.60,0.00,9908.60,,1268.60,,,,,,,,314,,CASTRO/CELESTESOLEDAD
12345678,DY,3157963310,07/02/2019,$,2636.48,0.00,2636.48,,208.40,,,,,,,,315,,SUKIASSIANFARACI/CAMILAMRS
12345678,4M,3157963311,07/02/2019,$,7417.02,0.00,7417.02,,479.41,,,,,,,,317,,FUENTES/LAUTARODAVIDMR
12345678,4M,3157963312,07/02/2019,$,2376.91,0.00,2376.91,,303.94,,,,,,,,318,,GARIN/JUANALBERTOMR
12345678,4M,3157963313,07/02/2019,$,2376.91,0.00,2376.91,,303.94,,,,,,,,318,,LOPEZMERLINO/SILVIAMRS
12345678,4M,3157963314,07/02/2019,$,2376.91,0.00,2376.91,,303.94,,,,,,,,318,,ALBORNOZ/CAMILAROCIOMRS
12345678,AR,3157963315,07/02/2019,$,7416.74,0.00,7416.74,,474.36,,,,,,,,319,,LURASCHI/ROBERTOOSVALDOMR
12345678,AR,3157963316,07/02/2019,$,7416.74,0.00,7416.74,,474.36,,,,,,,,319,,LURASCHI/SANTIAGOLUISMR
12345678,AZ,3157963317,07/02/2019,$,104095.90,0.00,104095.90,,32528.90,,,,,,,,320,,LOPEZ/CECILIAMRS
12345678,AR,3157963318,07/02/2019,$,0.00,7806.19,7806.19,,409.87,,,,,,,,321,,AQUINO/PABLOALEJANDROMR
12345678,4M,3157963319,07/02/2019,$,0.00,9571.76,9571.76,,478.67,,,,,,,,323,,AQUINO/PABLOALEJANDROMR
12345678,4M,3157963320,07/02/2019,$,0.00,4061.41,4061.41,,263.93,,,,,,,,325,,WILSON/HANNAHMRS
12345678,AR,3157963321,07/02/2019,$,0.00,7619.12,7619.12,,402.58,,,,,,,,326,,ATRIO/HUGOLUISMR
12345678,AR,3157963322,07/02/2019,$,14086.82,0.00,14086.82,,830.05,,,,,,,,328,,GABROUSKI/OMARMARCELOMR
12345678,CM,3157963323,07/02/2019,$,36086.40,0.00,36086.40,,7659.40,,,,,,,,333,,GONZALEZ/SANTAGRACIELA
12345678,CM,3157963324,07/02/2019,$,36086.40,0.00,36086.40,,7659.40,,,,,,,,333,,RAFFAELI/MARIACRISTINA
12345678,DY,3157963325,07/02/2019,$,5566.26,0.00,5566.26,,428.23,,,,,,,,335,,BARREIRO/JOSEDANIELMR
12345678,DY,3157963326,07/02/2019,$,5566.26,0.00,5566.26,,428.23,,,,,,,,335,,OLLACARIZQUETA/VIVIANAMRS
12345678,DY,3157963327,07/02/2019,$,4312.23,0.00,4312.23,,379.36,,,,,,,,335,,BARREIRO/ISABELLACHD
12345678,DY,3157963328,07/02/2019,$,28791.50,0.00,28791.50,,5442.50,,,,,,,,337,,FACORRO/LILIANAMARTAMRS
12345678,DY,3157963329,07/02/2019,$,19958.90,0.00,19958.90,,1352.90,,,,,,,,340,,FACORRO/LILIANAMARTAMRS
12345678,AR,3157963330,07/02/2019,$,2776.44,0.00,2776.44,,319.51,,,,,,,,341,,MOLINA/MARIALAURAMRS
12345678,AR,3157963331,07/02/2019,$,2776.44,0.00,2776.44,,319.51,,,,,,,,341,,RODRIGUEZ/ALCIDESMR
12345678,AR,3157963332,07/02/2019,$,2521.25,0.00,2521.25,,309.57,,,,,,,,341,,RODRIGUEZMOLINA/MILENACHD
12345678,AR,3157963333,07/02/2019,$,2521.25,0.00,2521.25,,309.57,,,,,,,,341,,RODRIGUEZMOLINA/MALENACHD
12345678,G3,3157963334,07/02/2019,$,23396.10,0.00,23396.10,,5949.10,,,,,,,,343,,SUAREZ/FACUNDORENE
12345678,G3,3157963335,07/02/2019,$,23396.10,0.00,23396.10,,5949.10,,,,,,,,343,,ESCOBAR/CRISTIANCESAR
12345678,UX,3157963336,07/02/2019,$,0.00,1253.00,1253.00,,956.00,,,,,,,,418,,CASANASPITTE/MARIANAMRS
12345678,AR,3157963337,07/02/2019,$,4741.78,0.00,4741.78,,396.10,,,,,,,,422,,DEHOFFMANN/PATRICIAMRS
12345678,AR,3157963338,07/02/2019,$,4290.29,0.00,4290.29,,378.51,,,,,,,,422,,MALAMENT/SOLCHD
12345678,AR,3157963339,07/02/2019,$,4290.29,0.00,4290.29,,378.51,,,,,,,,422,,MALAMENT/LUCASDAVIDCHD
12345678,4M,3157963340,07/02/2019,$,1860.50,0.00,1860.50,,178.16,,,,,,,,424,,GALLISA/JOAQUINTOMASMR
12345678,DY,3157963341,07/02/2019,$,,,0.00,,0.00,,,,,,,,426,,MELLACEPARADA/JULIETAMRS
12345678,AV,3157963342,07/02/2019,$,28992.40,0.00,28992.40,,7292.40,,,,,,,,427,,GARCIAAGUILERA/ROMANMR
12345678,AR,3157963343,07/02/2019,$,0.00,12077.15,12077.15,,666.96,,,,,,,,430,,ESTEBAN/RUBENMR
12345678,HR,3157963344,07/02/2019,$,6171.00,0.00,6171.00,,2663.00,,,,,,,,432,,RODRIGUEZ/PEDROMIGUELMR
12345678,HR,3157963345,07/02/2019,$,6171.00,0.00,6171.00,,2663.00,,,,,,,,432,,ROMANO/MARIAROSAMRS
12345678,DY,3157963346,07/02/2019,$,20897.10,0.00,20897.10,,4926.10,,,,,,,,434,,IRIONE/ARACELIMRS
12345678,DY,3157963347,07/02/2019,$,20897.10,0.00,20897.10,,4926.10,,,,,,,,434,,PRATTO/SOLEDADNATALIAMRS
12345678,AR,3157963348,07/02/2019,$,8535.06,0.00,8535.06,,543.93,,,,,,,,436,,VILCHES/ANDREAALEJANDRAMRS
12345678,AR,3157963349,07/02/2019,$,8098.04,0.00,8098.04,,607.04,,,,,,,,437,,GARCIA/ALVAROMR
12345678,AR,3157963350,07/02/2019,$,8098.04,0.00,8098.04,,607.04,,,,,,,,437,,DEMIRANDA/CATALINAMRS
12345678,AR,3157963351,07/02/2019,$,7315.33,0.00,7315.33,,573.33,,,,,,,,437,,GARCIADEMIRANDA/TOBIASCHD
12345678,AR,3157963352,07/02/2019,$,7315.33,0.00,7315.33,,573.33,,,,,,,,437,,GARCIA/WENCESLAOCHD
12345678,AR,3157963353,07/02/2019,$,7226.75,0.00,7226.75,,492.94,,,,,,,,438,,NEGREIRA/ALICIASUSANAMRS
12345678,AR,3157963354,07/02/2019,$,7226.75,0.00,7226.75,,492.94,,,,,,,,438,,MAZZIERI/OMARMR
12345678,AR,3157963355,07/02/2019,$,7226.75,0.00,7226.75,,492.94,,,,,,,,438,,MAZZIERI/CAMILABELENMRS
12345678,DY,3157963356,07/02/2019,$,2489.83,0.00,2489.83,,202.69,,,,,,,,440,,BICHARANAVARRO/MARIAMRS
12345678,DY,3157963357,07/02/2019,$,2489.83,0.00,2489.83,,202.69,,,,,,,,440,,RUBIO/FEDERICOMANUELMR
12345678,DY,3157963358,07/02/2019,$,3665.34,0.00,3665.34,,248.50,,,,,,,,442,,BICHARANAVARRO/MARIAMRS
12345678,DY,3157963359,07/02/2019,$,3665.34,0.00,3665.34,,248.50,,,,,,,,442,,RUBIO/FEDERICOMANUELMR
12345678,DY,3157963360,07/02/2019,$,22220.40,0.00,22220.40,,4252.40,,,,,,,,496,,TODESCHINI/MELINAAGOSTINAMRS
12345678,DY,3157963361,07/02/2019,$,22220.40,0.00,22220.40,,4252.40,,,,,,,,496,,NOSTRO/FRANCOTOMASMR
12345678,AR,3157963362,07/02/2019,$,0.00,7680.72,7680.72,,474.17,,,,,,,,497,,MEDIO/DARIOMANUELMR
12345678,AR,3157963363,07/02/2019,$,0.00,7680.72,7680.72,,474.17,,,,,,,,497,,RINALDI/MONICAPATRICIAMRS
12345678,G3,3157963364,07/02/2019,$,20300.10,0.00,20300.10,,5067.10,,,,,,,,498,,DEOLIVEIRA/LUCIENEMRS
12345678,G3,3157963365,07/02/2019,$,9521.70,17000.00,26521.70,,6470.70,,,,,,,,499,,FOLCH/CRISTIANMR
12345678,OB,3157963366,07/02/2019,$,19775.40,0.00,19775.40,,5106.40,,,,,,,,500,,GEAR/JUANRAULEMILIOMR
12345678,AR,3157963367,07/02/2019,$,0.00,5393.96,5393.96,,315.86,,,,,,,,501,,OVIEDO/ANDREAMRS
12345678,AR,3157963368,07/02/2019,$,0.00,5393.96,5393.96,,315.86,,,,,,,,501,,CASTROGIOVANNI/LUCIANAMRS
12345678,AC,3157963369,07/02/2019,$,31869.30,0.00,31869.30,,21149.30,,,,,,,,502,,VONSALTZEN/ANAMRS
12345678,AC,3157963370,07/02/2019,$,,,0.00,,0.00,,,,,,,,502,,VONSALTZEN/ANAMRS
12345678,OB,3157963371,07/02/2019,$,19775.40,0.00,19775.40,,5106.40,,,,,,,,503,,ODARDA/OMARERNESTOMR
12345678,BA,3157963372,07/02/2019,$,58198.20,0.00,58198.20,,27731.20,,,,,,,,504,,DIAZ/ALBERTOMR
12345678,BA,3157963373,07/02/2019,$,,,0.00,,0.00,,,,,,,,504,,DIAZ/ALBERTOMR
12345678,BA,3157963374,07/02/2019,$,58198.20,0.00,58198.20,,27731.20,,,,,,,,504,,KOLODYNSKI/ALEJANDRAMRS
12345678,BA,3157963375,07/02/2019,$,,,0.00,,0.00,,,,,,,,504,,KOLODYNSKI/ALEJANDRAMRS
12345678,4M,3157963376,07/02/2019,$,4023.31,0.00,4023.31,,262.45,,,,,,,,505,,FRETES/ALBERTOFABIANMR
12345678,4M,3157963377,07/02/2019,$,1488.68,0.00,1488.68,,163.67,,,,,,,,506,,BULACIO/LUCIAINESMRS
12345678,AR,3157963378,07/02/2019,$,5900.06,0.00,5900.06,,404.76,,,,,,,,507,,SCHNITMAN/HUGOLUISMR
12345678,AR,3157963379,07/02/2019,$,5900.06,0.00,5900.06,,404.76,,,,,,,,507,,BERESTETZKY/BEATRIZDORAMRS
12345678,4M,3157963380,07/02/2019,$,12338.48,0.00,12338.48,,586.49,,,,,,,,508,,DECESARI/JUANMANUELMR
12345678,4M,3157963381,07/02/2019,$,12338.48,0.00,12338.48,,586.49,,,,,,,,508,,ARRIETA/MARINABELENMRS
12345678,AR,3157963382,07/02/2019,$,4315.69,0.00,4315.69,,379.50,,,,,,,,509,,MOLINA/GISELLEDAIANAMRS
12345678,AR,3157963383,07/02/2019,$,4315.69,0.00,4315.69,,379.50,,,,,,,,509,,GROSS/EZEQUIELROBERTOMR
12345678,AZ,3157963384,07/02/2019,$,36760.80,0.00,36760.80,,28123.80,,,,,,,,510,,LOIACONO/LETICIAMRS
12345678,AA,3157963385,07/02/2019,$,78913.30,0.00,78913.30,,10558.30,,,,,,,,511,,TABORDA/FELIPEMR
12345678,DY,3157963386,07/02/2019,$,24077.90,0.00,24077.90,,4373.90,,,,,,,,512,,ALFIE/SEBASTIANBRIANMR
12345678,AR,3157963387,07/02/2019,$,0.00,1675.99,1675.99,,276.63,,,,,,,,17586,,BAEZ/LUISOSVALDOMR
12345678,AR,3157963388,07/02/2019,$,0.00,1675.99,1675.99,,276.63,,,,,,,,17586,,SAMMARTINO/GABRIELAMRS
12345678,AR,3157963389,07/02/2019,$,3604.38,0.00,3604.38,,351.78,,,,,,,,17587,,DESIMONE/SOLEDADMRS
12345678,AD,3157963390,07/03/2019,$,21692.90,0.00,21692.90,,6140.90,,,,,,,,17588,,DALBUQUERQUE/ESTEBANDIEGOMR
12345678,AD,3157963391,07/03/2019,$,21692.90,0.00,21692.90,,6140.90,,,,,,,,17588,,HORNOWSKI/MARINARAQUELMRS
12345678,AV,3157963392,07/03/2019,$,40640.50,0.00,40640.50,,8024.50,,,,,,,,17589,,SPIRITO/MARINAMRS
12345678,AV,3157963393,07/03/2019,$,40640.50,0.00,40640.50,,8024.50,,,,,,,,17589,,AMARTINO/ESTEBANMR
12345678,AV,3157963394,07/03/2019,$,40640.50,0.00,40640.50,,8024.50,,,,,,,,17589,,AMARTINO/FLORENCIAMRS
12345678,AR,3157963395,07/03/2019,$,0.00,16884.01,16884.01,,980.54,,,,,,,,7,,RETAMAR/JUANIGNACIOMR
12345678,AR,3157963396,07/03/2019,$,0.00,16884.01,16884.01,,980.54,,,,,,,,7,,ALFONSO/MARIACECILIAMRS
12345678,AR,3157963397,07/03/2019,$,0.00,15229.28,15229.28,,916.05,,,,,,,,7,,RETAMAR/BAUTISTACHD
12345678,AR,3157963398,07/03/2019,$,0.00,5713.32,5713.32,,488.73,,,,,,,,7,,FERRAROTTI/JULIOMR
12345678,DY,3157963399,07/03/2019,$,18129.90,0.00,18129.90,,1716.90,,,,,,,,7,,MELLACEPARADA/JULIETAMRS
12345678,AR,3157963650,07/03/2019,$,0.00,12182.34,12182.34,,5270.34,,,,,,,,7,,JAQUETACOSTA/CARMENMRS
12345678,4M,3157963651,07/03/2019,$,3974.25,0.00,3974.25,,324.25,,,,,,,,7,,RUIZ/MARTINANTONIOMR
12345678,DY,3157963652,07/03/2019,$,29775.90,0.00,29775.90,,1716.90,,,,,,,,613,,MORENO/CAROLINASAMANTHAMRS
12345678,4M,3157963653,07/03/2019,$,4682.02,0.00,4682.02,,505.02,,,,,,,,614,,VELEZ/JULIOCESAR
12345678,4M,3157963654,07/03/2019,$,4682.02,0.00,4682.02,,505.02,,,,,,,,614,,SARAVIAPRAT/MICHELEEDITH
12345678,AD,3157963655,07/03/2019,$,10967.90,0.00,10967.90,,3839.90,,,,,,,,615,,BOAGLIO/ANDREACAROLINA
12345678,AD,3157963656,07/03/2019,$,10751.60,0.00,10751.60,,1679.60,,,,,,,,616,,BOAGLIO/ANDREACAROLINA
12345678,LH,3157963657,07/03/2019,$,41933.50,0.00,41933.50,,26856.50,,,,,,,,617,,BORONAT/VIVIANANOEMIMRS
12345678,LH,3157963658,07/03/2019,$,41933.50,0.00,41933.50,,26856.50,,,,,,,,617,,GUISANDE/JORGEERNESTOMR
12345678,DL,3157963659,07/03/2019,$,7164.80,0.00,7164.80,,1239.80,,,,,,,,619,,MOSCOLONI/NICOLASMR
12345678,DL,3157963660,07/03/2019,$,5834.50,0.00,5834.50,,3219.50,,,,,,,,620,,MOSCOLONI/NICOLASMR
12345678,DL,3157963661,07/03/2019,$,8522.80,0.00,8522.80,,1239.80,,,,,,,,622,,ANDONIADES/SILVIAEDITHMRS
12345678,DL,3157963662,07/03/2019,$,5834.50,0.00,5834.50,,3219.50,,,,,,,,623,,ANDONIADES/SILVIAEDITHMRS
12345678,DY,3157963663,07/03/2019,$,24590.40,0.00,24590.40,,5150.40,,,,,,,,625,,PAREDESMEALLA/JOSEANGELMR
12345678,AR,3157963664,07/03/2019,$,4671.10,0.00,4671.10,,287.69,,,,,,,,626,,HERRERA/MARIADANIELA
12345678,AR,3157963665,07/03/2019,$,4671.10,0.00,4671.10,,287.69,,,,,,,,626,,GIMENEZHERRERA/MARIAPAZ
12345678,AD,3157963666,07/03/2019,$,5604.80,0.00,5604.80,,1759.80,,,,,,,,828,,HEUGAS/SILVIAESTRELLAMRS
12345678,AR,3157963667,07/03/2019,$,0.00,3181.51,3181.51,,229.64,,,,,,,,829,,VITALI/JUANPABLOMR
12345678,4M,3157963668,07/03/2019,$,0.00,3072.96,3072.96,,225.41,,,,,,,,830,,VITALI/JUANPABLOMR
12345678,G3,3157963669,07/03/2019,$,32520.00,0.00,32520.00,,6211.00,,,,,,,,831,,BIGIO/CARLOSDIEGO
12345678,G3,3157963670,07/03/2019,$,32520.00,0.00,32520.00,,6211.00,,,,,,,,831,,LEVY/YANIL
12345678,G3,3157963671,07/03/2019,$,32520.00,0.00,32520.00,,6211.00,,,,,,,,831,,BIGIO/SOFIALARA
12345678,G3,3157963672,07/03/2019,$,25493.30,0.00,25493.30,,5751.30,,,,,,,,831,,BIGIO/IVANJACK
12345678,G3,3157963673,07/03/2019,$,25493.30,0.00,25493.30,,5751.30,,,,,,,,831,,BIGIO/SANTIAGOMARIO
12345678,AR,3157963674,07/03/2019,$,0.00,6712.66,6712.66,,367.25,,,,,,,,832,,ANGULO/RODOLFOMR
12345678,G3,3157963675,07/03/2019,$,24194.70,0.00,24194.70,,6309.70,,,,,,,,833,,ANDREONI/DIEGO
12345678,G3,3157963676,07/03/2019,$,24194.70,0.00,24194.70,,6309.70,,,,,,,,833,,MOLARONI/VIRGINIALAURA
12345678,G3,3157963677,07/03/2019,$,24194.70,0.00,24194.70,,6309.70,,,,,,,,833,,ANDREONI/JANO
12345678,AR,3157963678,07/03/2019,$,2941.33,0.00,2941.33,,220.28,,,,,,,,834,,ATENCIO/EMILIANOANDRESMR
12345678,DY,3157963679,07/03/2019,$,2243.87,0.00,2243.87,,193.10,,,,,,,,835,,ATENCIO/EMILIANOANDRESMR
12345678,AR,3157963680,07/03/2019,$,23691.50,0.00,23691.50,,5633.50,,,,,,,,836,,TETTAMANTI/RAULMR
12345678,TK,3157963681,07/03/2019,$,28695.90,0.00,28695.90,,13359.90,,,,,,,,837,,WILKS/ARTUROEDUARDOMR
12345678,ET,3157963682,07/03/2019,$,32777.30,0.00,32777.30,,14899.30,,,,,,,,838,,WILKS/ARTUROEDUARDOMR
12345678,AR,3157963683,07/03/2019,$,10273.89,0.00,10273.89,,637.89,,,,,,,,839,,SELVAGGI/SANTIAGOMR
12345678,DY,3157963684,07/03/2019,$,20880.90,0.00,20880.90,,1716.90,,,,,,,,840,,DOMINGUEZBALDRICH/ESTELAMRS
12345678,DL,3157963685,07/03/2019,$,8207.80,0.00,8207.80,,1496.80,,,,,,,,841,,VALIENTE/MARTINAMRS
12345678,DL,3157963686,07/03/2019,$,8207.80,0.00,8207.80,,1496.80,,,,,,,,841,,SULUAGA/CAMILADENISEMRS
12345678,AR,3157963687,07/03/2019,$,51057.20,0.00,51057.20,,8937.20,,,,,,,,842,,BECK/RICARDOALBERTOMR
12345678,AR,3157963688,07/03/2019,$,51057.20,0.00,51057.20,,8937.20,,,,,,,,842,,BARGALLO/MARIADELCARMENMRS
12345678,DY,3157963689,07/03/2019,$,26433.90,0.00,26433.90,,1716.90,,,,,,,,843,,TOLEDO/TERESAINESMRS
12345678,DY,3157963690,07/03/2019,$,26433.90,0.00,26433.90,,1716.90,,,,,,,,843,,DONDI/SOFIAARIANAMRS
12345678,AR,3157963691,07/03/2019,$,16202.50,0.00,16202.50,,5143.50,,,,,,,,844,,BERZANO/CAMILAMRS
12345678,AR,3157963692,07/03/2019,$,16202.50,0.00,16202.50,,5143.50,,,,,,,,844,,CHIBANA/MIYUKIMRS
12345678,AR,3157963693,07/03/2019,$,5134.39,0.00,5134.39,,411.40,,,,,,,,845,,DEMICHELLI/GABRIELAVIVIANAMRS
12345678,LA,3157963694,07/03/2019,$,20625.10,0.00,20625.10,,6715.10,,,,,,,,846,,BABINO/MYRIAMELIZABETHMRS
12345678,LA,3157963695,07/03/2019,$,,,0.00,,0.00,,,,,,,,846,,BABINO/MYRIAMELIZABETHMRS
12345678,LA,3157963696,07/03/2019,$,20625.10,0.00,20625.10,,6715.10,,,,,,,,846,,TRUSCELLI/ALFONSOMR
12345678,LA,3157963697,07/03/2019,$,,,0.00,,0.00,,,,,,,,846,,TRUSCELLI/ALFONSOMR
12345678,IB,3157963698,07/03/2019,$,44040.00,0.00,44040.00,,0.00,,,,,,,,847,,MARILOZADA/JUANMANUEL
12345678,AR,3157963699,07/03/2019,$,0.00,13675.90,13675.90,,744.27,,,,,,,,848,,GALLARDO/NURIAMRS
12345678,AR,3157963700,07/03/2019,$,0.00,17114.51,17114.51,,948.04,,,,,,,,849,,CASTILLO/CINTIAGISELAMRS
12345678,AR,3157963701,07/03/2019,$,0.00,17114.51,17114.51,,948.04,,,,,,,,849,,SILVA/ALFREDOFABIANMR
12345678,4M,3157963702,07/03/2019,$,11264.83,0.00,11264.83,,650.31,,,,,,,,850,,COLLAZO/ADRIANAMAGDALENAMRS
12345678,4M,3157963703,07/03/2019,$,11264.83,0.00,11264.83,,650.31,,,,,,,,850,,ORDUNA/ROXANADELCARMENMRS
12345678,4M,3157963704,07/03/2019,$,6216.37,0.00,6216.37,,453.57,,,,,,,,851,,CORDOVA/OSCARHORACIOMR
12345678,4M,3157963705,07/03/2019,$,6216.37,0.00,6216.37,,453.57,,,,,,,,851,,BAGNOLA/SILVIAHEBEMRS
12345678,4M,3157963706,07/03/2019,$,0.00,4557.03,4557.03,,388.90,,,,,,,,852,,GONZALEZ/MARCELORAULMR
12345678,4M,3157963707,07/03/2019,$,0.00,4557.03,4557.03,,388.90,,,,,,,,852,,BURGUES/SILVANAMARAMRS
12345678,4M,3157963708,07/03/2019,$,0.00,4557.03,4557.03,,388.90,,,,,,,,852,,GONZALEZBURGUES/SEBASTIANMR
12345678,4M,3157963709,07/03/2019,$,0.00,4123.93,4123.93,,372.00,,,,,,,,852,,GONZALEZBURGUES/VALENTINCHD
12345678,AV,3157963710,07/03/2019,$,31144.20,0.00,31144.20,,4360.20,,,,,,,,853,,RAMIREZ/MARIAJULIAMRS
12345678,AV,3157963711,07/03/2019,$,,,0.00,,0.00,,,,,,,,853,,RAMIREZ/MARIAJULIAMRS
12345678,AV,3157963712,07/03/2019,$,31144.20,0.00,31144.20,,4360.20,,,,,,,,853,,MACHUCA/FLORENCIOEDUARDOMR
12345678,AV,3157963713,07/03/2019,$,,,0.00,,0.00,,,,,,,,853,,MACHUCA/FLORENCIOEDUARDOMR
12345678,AV,3157963714,07/03/2019,$,31144.20,0.00,31144.20,,4360.20,,,,,,,,853,,MACHUCA/TIARAAYMARAMRS
12345678,AV,3157963715,07/03/2019,$,,,0.00,,0.00,,,,,,,,853,,MACHUCA/TIARAAYMARAMRS
12345678,AV,3157963716,07/03/2019,$,26090.20,0.00,26090.20,,4360.20,,,,,,,,853,,MACHUCA/PALOMACHD
12345678,AV,3157963717,07/03/2019,$,,,0.00,,0.00,,,,,,,,853,,MACHUCA/PALOMACHD
12345678,AR,3157963718,07/03/2019,$,11653.73,0.00,11653.73,,559.81,,,,,,,,854,,CABALLERO/MARIELAMRS
12345678,4M,3157963719,07/03/2019,$,0.00,6337.90,6337.90,,569.55,,,,,,,,855,,GAYNOR/VERONICAALICIAMRS
12345678,4M,3157963720,07/03/2019,$,0.00,6337.90,6337.90,,569.55,,,,,,,,855,,GARCIASOTILLO/ROSAMARIAMRS
12345678,AR,3157963721,07/03/2019,$,20940.44,0.00,20940.44,,990.91,,,,,,,,856,,IRRAZABAL/MARTINMAXIMOMRS
12345678,AR,3157963722,07/03/2019,$,18865.39,0.00,18865.39,,910.04,,,,,,,,856,,IRRAZABAL/PILARCHD
12345678,AR,3157963723,07/03/2019,$,18865.39,0.00,18865.39,,910.04,,,,,,,,856,,IRRAZABAL/JULIETACHD
12345678,AR,3157963724,07/03/2019,$,18865.39,0.00,18865.39,,910.04,,,,,,,,856,,IRRAZABAL/VICTORIACHD
12345678,LA,3157963725,07/03/2019,$,19063.30,0.00,19063.30,,7097.30,,,,,,,,857,,SOTOVALIENTE/FRANKPIEROMR
12345678,LA,3157963726,07/03/2019,$,30022.30,0.00,30022.30,,6694.30,,,,,,,,858,,BARONHANNEMA/EDUARDOENRIQUEMR
12345678,AR,3157963727,07/03/2019,$,3783.36,0.00,3783.36,,358.75,,,,,,,,859,,ASIS/ADRIANAROSAMRS
12345678,AA,3157963728,07/03/2019,$,30631.20,0.00,30631.20,,25231.20,,,,,,,,860,,BLANCO/RODRIGOMR
12345678,AA,3157963729,07/03/2019,$,30631.20,0.00,30631.20,,25231.20,,,,,,,,860,,OTTAVIANI/MARIAFLORENCIAMRS
12345678,AV,3157963730,07/03/2019,$,33341.70,0.00,33341.70,,6125.70,,,,,,,,861,,SOSA/NANCYYOLANDA
12345678,AV,3157963731,07/03/2019,$,,,0.00,,0.00,,,,,,,,861,,SOSA/NANCYYOLANDA
12345678,AV,3157963732,07/03/2019,$,33341.70,0.00,33341.70,,6125.70,,,,,,,,861,,CENA/EDUARDOADRIAN
12345678,AV,3157963733,07/03/2019,$,,,0.00,,0.00,,,,,,,,861,,CENA/EDUARDOADRIAN
12345678,AR,3157963734,07/03/2019,$,2186.14,0.00,2186.14,,190.85,,,,,,,,862,,CIFUENTES/SERGIODAMIANMR
12345678,AR,3157963735,07/03/2019,$,2186.14,0.00,2186.14,,190.85,,,,,,,,862,,LUPPO/ANABELAELIZABETHMRS
12345678,DY,3157963736,07/03/2019,$,4882.66,0.00,4882.66,,401.59,,,,,,,,863,,PETERSEN/MAGALIMRS
12345678,TK,3157963737,07/03/2019,$,17016.40,0.00,17016.40,,6475.40,,,,,,,,864,,ACOSTA/VICTORMANUELMR
12345678,AZ,3157963738,07/03/2019,$,3817.20,0.00,3817.20,,869.20,,,,,,,,941,,STAFFOLANI/PABLOJAVIERMR
12345678,AZ,3157963739,07/03/2019,$,3817.20,0.00,3817.20,,869.20,,,,,,,,941,,CUELLO/NOELIAANTONELLAMRS
12345678,AF,3157963740,07/03/2019,$,2987.20,0.00,2987.20,,2102.20,,,,,,,,942,,THOMPSON/EMILIANOMR
12345678,AF,3157963741,07/03/2019,$,2987.20,0.00,2987.20,,2102.20,,,,,,,,942,,OLIVA/VANESAMRS
12345678,4M,3157963742,07/03/2019,$,2512.93,0.00,2512.93,,203.59,,,,,,,,943,,ESCUDERO/ELVASARAMRS
12345678,4M,3157963743,07/03/2019,$,2512.93,0.00,2512.93,,203.59,,,,,,,,943,,VELARDE/RUBENMR
12345678,4M,3157963744,07/03/2019,$,6337.90,0.00,6337.90,,569.55,,,,,,,,944,,GARCIASOTILLO/PABLOMARTINMR
12345678,4M,3157963745,07/03/2019,$,6337.90,0.00,6337.90,,569.55,,,,,,,,944,,GARCIASOTILLO/MARCELADOLORMRS
12345678,4M,3157963746,07/03/2019,$,6337.90,0.00,6337.90,,569.55,,,,,,,,944,,GAYNOR/ROXANACECILIAMRS
12345678,4M,3157963747,07/03/2019,$,6337.90,0.00,6337.90,,569.55,,,,,,,,944,,SOTILLO/DOLORESMRS
12345678,4M,3157963748,07/03/2019,$,6337.90,0.00,6337.90,,569.55,,,,,,,,944,,SOTILLO/ROSAELENAMRS
12345678,4M,3157963749,07/03/2019,$,6337.90,0.00,6337.90,,569.55,,,,,,,,944,,GARCIASOTILLO/MARIAVIRGINIAMRS
12345678,4M,3157963750,07/03/2019,$,6337.90,0.00,6337.90,,569.55,,,,,,,,944,,HERNANDEZ/MARIAPILARMRS
12345678,DL,3621047410,07/03/2019,$,,,0.00,,0.00,,,,,,,,707,,SULUAGA/CAMILA DENISE
12345678,DL,3621047411,07/03/2019,$,,,0.00,,0.00,,,,,,,,707,,VALIENTE/MARTINA
12345678,H2,3621047412,07/03/2019,$,6221.20,0.00,6221.20,,1123.20,,,,,,,,827,,MARCHANT/LAURA ELENA
12345678,DL,3621179980,07/03/2019,$,9603.50,0.00,9603.50,,1244.50,,,,,,,,707,,SULUAGA/CAMILA DENISE
12345678,DL,3621179981,07/03/2019,$,9603.50,0.00,9603.50,,1244.50,,,,,,,,707,,VALIENTE/MARTINA
12345678,H2,3621179982,07/03/2019,$,8046.80,0.00,8046.80,,1566.80,,,,,,,,820,,ACUNAVALENZUELA/JEANNETTE
12345678,H2,3621179983,07/03/2019,$,8046.80,0.00,8046.80,,1566.80,,,,,,,,820,,RAMOSGONZALEZ/RAUL RUBEN
12345678,H2,3621179984,07/03/2019,$,8046.80,0.00,8046.80,,1566.80,,,,,,,,820,,ROJASGALLARDO/ANGELICA
12345678,AA,3621179991,07/03/2019,$,31278.60,0.00,31278.60,,25273.60,,,,,,,,824,,BARTAK/ALEXIA MARIA
12345678,AA,3621179992,07/03/2019,$,30539.20,0.00,30539.20,,25225.20,,,,,,,,824,,DANIELSBARTAK/NILO
12345678,4M,3157963751,07/04/2019,$,5811.06,0.00,5811.06,,437.77,,,,,,,,945,,BENINATI/VALERIACARINAMRS
12345678,4M,3157963752,07/04/2019,$,5811.06,0.00,5811.06,,437.77,,,,,,,,945,,KATSEPAS/APOSTOLOSMR
12345678,4M,3157963753,07/04/2019,$,5811.06,0.00,5811.06,,437.77,,,,,,,,945,,KATSEPAS/BRAIANMR
12345678,LA,3157963754,07/04/2019,$,0.00,15424.30,15424.30,,5061.30,,,,,,,,946,,CASTELLANO/JONATHANMR
12345678,AR,3157963755,07/04/2019,$,0.00,1488.68,1488.68,,163.67,,,,,,,,947,,OLIVA/MARIABELENMRS
12345678,DY,3157963756,07/04/2019,$,2243.87,0.00,2243.87,,193.10,,,,,,,,948,,OLIVA/MARIABELENMRS
12345678,4M,3157963757,07/04/2019,$,4413.84,0.00,4413.84,,383.32,,,,,,,,949,,GONZALEZLOPEZ/LUZSONIAMRS
12345678,DY,3157963758,07/04/2019,$,3217.55,0.00,3217.55,,336.70,,,,,,,,950,,PENELA/PABLOMR
12345678,DY,3157963759,07/04/2019,$,3217.55,0.00,3217.55,,336.70,,,,,,,,950,,FREJEIRO/CATERINAMRS
12345678,DY,3157963760,07/04/2019,$,2513.16,0.00,2513.16,,309.25,,,,,,,,7,,PENELAFREJEIRO/VICENTECHD
12345678,DY,3157963761,07/04/2019,$,2513.16,0.00,2513.16,,309.25,,,,,,,,7,,PENELAFREJEIRO/HOMEROCHD
12345678,DY,3157963762,07/04/2019,$,2513.16,0.00,2513.16,,309.25,,,,,,,,7,,PENELAFREJEIRO/ELISEOCHD
12345678,AR,3157963763,07/04/2019,$,4998.13,0.00,4998.13,,406.09,,,,,,,,951,,MAIORCA/CAROLINAISABELMRS
12345678,AR,3157963764,07/04/2019,$,4520.08,0.00,4520.08,,387.46,,,,,,,,951,,SCHETTINI/FACUNDOCHD
12345678,EK,3157963765,07/04/2019,$,14688.10,0.00,14688.10,,7679.10,,,,,,,,952,,LLANEZA/DIEGOMARTINMR
12345678,IB,3157963766,07/04/2019,$,0.00,17394.30,17394.30,,1051.30,,,,,,,,953,,AGUIRRE/FACUNDOMATIASMR
12345678,HR,3157963767,07/04/2019,$,6131.50,0.00,6131.50,,2643.50,,,,,,,,954,,MASSUN/ERNESTOJOSEMR
12345678,AR,3157963768,07/04/2019,$,0.00,2684.98,2684.98,,210.29,,,,,,,,955,,ROMERO/MARIADELOSANGELESMR
12345678,DY,3157963769,07/04/2019,$,4645.70,0.00,4645.70,,286.70,,,,,,,,956,,RAMOSGORDILLO/MAURICIOMR
12345678,DY,3157963770,07/04/2019,$,4645.70,0.00,4645.70,,286.70,,,,,,,,956,,CASTANEDA/MARGARITALUCIAMRS
12345678,DY,3157963771,07/04/2019,$,4645.70,0.00,4645.70,,286.70,,,,,,,,956,,RAMOSCASTANEDA/MANUELAMRS
12345678,DY,3157963772,07/04/2019,$,4645.70,0.00,4645.70,,286.70,,,,,,,,956,,SAAVEDRA/DIANALUCIAMRS
12345678,DY,3157963773,07/04/2019,$,2196.38,0.00,2196.38,,261.02,,,,,,,,957,,SARDI/NELLYMIRTHAMRS
12345678,DY,3157963774,07/04/2019,$,3733.56,0.00,3733.56,,426.58,,,,,,,,958,,PETTINELLI/ROXANAEDITHMRS
12345678,IB,3157963775,07/04/2019,$,0.00,39354.00,39354.00,,6330.00,,,,,,,,959,,RODERA/MARIELAFABIANAMRS
12345678,4M,3157963776,07/04/2019,$,5249.86,0.00,5249.86,,415.90,,,,,,,,960,,OVIEDOMARQUEZ/PAOLAJULISSAMRS
12345678,4M,3157963777,07/04/2019,$,4746.40,0.00,4746.40,,396.28,,,,,,,,960,,INIGOOVIEDO/VITTORIACHD
12345678,AR,3157963778,07/04/2019,$,0.00,4528.01,4528.01,,457.54,,,,,,,,961,,REFORT/GRISELDAELISABETMRS
12345678,4M,3157963779,07/04/2019,$,5799.28,0.00,5799.28,,331.66,,,,,,,,962,,JIMENEZ/JUANJOSEMR
12345678,4M,3157963780,07/04/2019,$,5799.28,0.00,5799.28,,331.66,,,,,,,,962,,VELIZ/ROSADELVALLEMRS
12345678,4M,3157963781,07/04/2019,$,5229.99,0.00,5229.99,,309.47,,,,,,,,962,,JIMENEZALE/JUSTINOJOSECHD
12345678,AR,3157963782,07/04/2019,$,2803.92,0.00,2803.92,,214.93,,,,,,,,963,,JIMENEZ/JUANJOSEMR
12345678,AR,3157963783,07/04/2019,$,2803.92,0.00,2803.92,,214.93,,,,,,,,963,,VELIZ/ROSADELVALLEMRS
12345678,AR,3157963784,07/04/2019,$,2534.86,0.00,2534.86,,204.44,,,,,,,,963,,JIMENEZALE/JUSTINOJOSECHD
12345678,AR,3157963785,07/04/2019,$,4446.17,0.00,4446.17,,384.58,,,,,,,,964,,SURIS/ANDREAMRS
12345678,AR,3157963786,07/04/2019,$,4446.17,0.00,4446.17,,384.58,,,,,,,,964,,SCHULDHAUS/SUSANAMRS
12345678,AR,3157963787,07/04/2019,$,4446.17,0.00,4446.17,,384.58,,,,,,,,964,,SURIS/VERONICAMRS
12345678,LA,3157963788,07/04/2019,$,7995.90,0.00,7995.90,,4340.90,,,,,,,,965,,RODRIGUEZ/ALEJANDROGABRIELMR
12345678,LA,3157963789,07/04/2019,$,7995.90,0.00,7995.90,,4340.90,,,,,,,,965,,CAMPOS/IVANALUZMRS
12345678,AR,3157963790,07/04/2019,$,0.00,7095.11,7095.11,,487.81,,,,,,,,1120,,NAON/GASTONARTUROMRS
12345678,IB,3157963791,07/04/2019,$,10324.30,0.00,10324.30,,908.30,,,,,,,,1121,,PADIN/MARIALAURAMRS
12345678,AR,3157963792,07/04/2019,$,0.00,4493.28,4493.28,,280.76,,,,,,,,7,,GHIGGERI/AGUSTINENZOMR
12345678,AR,3157963793,07/04/2019,$,0.00,4493.28,4493.28,,280.76,,,,,,,,7,,MONTENEGRO/AIXAMRS
12345678,AR,3157963794,07/04/2019,$,0.00,0.00,0.00,,0.00,,,,,,,,7,,GHIGGERI/LUANINF
12345678,LA,3157963795,07/04/2019,$,13425.00,0.00,13425.00,,4696.00,,,,,,,,1122,,OLSZAK/DANIELALBERTOMR
12345678,AR,3157963796,07/04/2019,$,20904.40,0.00,20904.40,,5381.40,,,,,,,,1123,,VALLET/FRANCISCOMR
12345678,AR,3157963797,07/04/2019,$,20904.40,0.00,20904.40,,5381.40,,,,,,,,1123,,PENA/ANDREAMRS
12345678,AR,3157963798,07/04/2019,$,17361.60,0.00,17361.60,,5149.60,,,,,,,,1123,,VALLET/VICENTECHD
12345678,AR,3157963799,07/04/2019,$,17361.60,0.00,17361.60,,5149.60,,,,,,,,1123,,VALLET/MERCEDESCHD
12345678,CM,3157963800,07/04/2019,$,36218.60,0.00,36218.60,,6247.60,,,,,,,,1124,,MARTINEZ/MARIANOANDRESMR
12345678,CM,3157963801,07/04/2019,$,36218.60,0.00,36218.60,,6247.60,,,,,,,,1124,,BETANCURT/MELINAANABELMRS
12345678,LA,3157963802,07/04/2019,$,0.00,50839.80,50839.80,,9258.80,,,,,,,,1125,,CUADROS/LUCILANOEMIMRS
12345678,LA,3157963803,07/04/2019,$,,,0.00,,0.00,,,,,,,,1125,,CUADROS/LUCILANOEMIMRS
12345678,GP,3157963804,07/04/2019,$,7640.40,0.00,7640.40,,2327.40,,,,,,,,1126,,VERA/JAVIERANGELMR
12345678,GP,3157963805,07/04/2019,$,7640.40,0.00,7640.40,,2327.40,,,,,,,,1126,,ECHAZU/MARCELOOSCARMR
12345678,GP,3157963806,07/04/2019,$,7640.40,0.00,7640.40,,2327.40,,,,,,,,1126,,MENDOZA/GABRIELAMARLENEMRS
12345678,GP,3157963807,07/04/2019,$,7640.40,0.00,7640.40,,2327.40,,,,,,,,1126,,MALLOGONZALEZ/ELIANAESTHERMRS
12345678,DY,3157963808,07/04/2019,$,4008.54,0.00,4008.54,,367.53,,,,,,,,1127,,AVEDISSIAN/NAIRIMRS
12345678,AR,3157963809,07/04/2019,$,8856.23,0.00,8856.23,,519.98,,,,,,,,1128,,BENEGAS/MELISAMRS
12345678,AR,3157963810,07/04/2019,$,7989.04,0.00,7989.04,,486.19,,,,,,,,1128,,QUINTAIROS/JULIETACHD
12345678,AA,3157963811,07/04/2019,$,30011.40,0.00,30011.40,,24894.40,,,,,,,,1129,,ESTIVILL/MARTINNICOLASMR
12345678,AR,3157963812,07/04/2019,$,4741.78,0.00,4741.78,,396.10,,,,,,,,1130,,GONZALEZ/LAURAIRENEMRS
12345678,AR,3157963813,07/04/2019,$,1620.57,0.00,1620.57,,274.47,,,,,,,,1131,,RUTMAN/IGNACIOMR
12345678,AR,3157963814,07/04/2019,$,1620.57,0.00,1620.57,,274.47,,,,,,,,1131,,ARAZI/CARINAMRS
12345678,AR,3157963815,07/04/2019,$,1620.57,0.00,1620.57,,274.47,,,,,,,,1131,,RUTMANARAZI/MAITENAMRS
12345678,AR,3157963816,07/04/2019,$,1480.84,0.00,1480.84,,269.02,,,,,,,,1131,,RUTMANARAZI/FELIPECHD
12345678,LA,3157963817,07/04/2019,$,23089.60,0.00,23089.60,,5545.60,,,,,,,,1132,,SOSA/SANTIAGOALBERTOMR
12345678,4M,3157963818,07/04/2019,$,10889.54,0.00,10889.54,,635.68,,,,,,,,1133,,OLSZAK/DANIELALBERTOMR
12345678,4M,3157963819,07/04/2019,$,10889.54,0.00,10889.54,,635.68,,,,,,,,1133,,STIRNEMANN/LUCILAMRS
12345678,DY,3157963820,07/04/2019,$,3102.00,0.00,3102.00,,-340.37,,,,,,,,1134,,GUIDO/MAURICIOMR
12345678,DY,3157963821,07/04/2019,$,3102.00,0.00,3102.00,,-340.37,,,,,,,,1134,,PATALANO/MARISOLMRS
12345678,LA,3157963822,07/04/2019,$,14807.80,0.00,14807.80,,5003.80,,,,,,,,1135,,VIANA/LUCASMR
12345678,AR,3157963823,07/04/2019,$,4150.33,0.00,4150.33,,267.40,,,,,,,,1136,,GRISOTTO/TOMASMR
12345678,TK,3157963824,07/04/2019,$,6488.20,0.00,6488.20,,3463.20,,,,,,,,1137,,LOPEZ/PABLOCRISTIANMR
12345678,TK,3157963825,07/04/2019,$,6488.20,0.00,6488.20,,3463.20,,,,,,,,1137,,JUNCO/ARIANAJIMENAMRS
12345678,4M,3157963826,07/04/2019,$,4769.26,0.00,4769.26,,291.52,,,,,,,,1138,,MONTERO/MARTINAMRS
12345678,AR,3157963827,07/04/2019,$,4771.57,0.00,4771.57,,291.61,,,,,,,,1139,,MONTERO/MARTINAMRS
12345678,AR,3157963828,07/04/2019,$,38830.30,0.00,38830.30,,7483.30,,,,,,,,1165,,MIODOWNIK/MICAELAMRS
12345678,AR,3157963829,07/04/2019,$,15267.65,0.00,15267.65,,874.52,,,,,,,,1166,,PINO/MARCOSDANIELMR
12345678,AR,3157963830,07/04/2019,$,15267.65,0.00,15267.65,,874.52,,,,,,,,1166,,PINO/ISAIASMISAELMR
12345678,AR,3157963831,07/04/2019,$,13771.13,0.00,13771.13,,816.20,,,,,,,,1166,,PINO/ANABELLAHUILENCHD
12345678,CM,3157963832,07/04/2019,$,,,0.00,,0.00,,,,,,,,1167,,FELICE/GERALDINEMRS
12345678,DY,3157963833,07/04/2019,$,3715.24,0.00,3715.24,,356.10,,,,,,,,1168,,AVEDISSIAN/NUNEMRS
12345678,LA,3157963834,07/04/2019,$,18874.00,0.00,18874.00,,7049.00,,,,,,,,1169,,ECHEVARRIAROLDAN/FLORALBAMRS
12345678,LA,3157963835,07/04/2019,$,,,0.00,,0.00,,,,,,,,1169,,ECHEVARRIAROLDAN/FLORALBAMRS
12345678,4M,3157963836,07/04/2019,$,2549.88,0.00,2549.88,,205.03,,,,,,,,1170,,DASILVAMARTI/JEFERSONJUNIORMR
12345678,AR,3157963837,07/04/2019,$,,,0.00,,0.00,,,,,,,,1171,,MONTES/ERNESTOAMADOMR
12345678,H2,3621047413,07/04/2019,$,,,0.00,,0.00,,,,,,,,880,,CORRALESGAJARDO/BERNARDO
12345678,H2,3621179993,07/04/2019,$,4128.00,0.00,4128.00,,1118.00,,,,,,,,1011,,GRAMAJO/MELINA
12345678,CM,3157963838,07/05/2019,$,15592.20,0.00,15592.20,,4207.20,,,,,,,,1172,,ZERDADAZA/FABIANESTEBANMR
12345678,DY,3157963839,07/05/2019,$,1657.27,0.00,1657.27,,170.24,,,,,,,,1173,,POLISZCZUK/LORENAJOHANAMRS
12345678,DY,3157963840,07/05/2019,$,1657.27,0.00,1657.27,,170.24,,,,,,,,1173,,PASSUELO/JULIETAKIARAMRS
12345678,DY,3157963841,07/05/2019,$,1293.54,0.00,1293.54,,156.07,,,,,,,,1173,,PASSUELO/MARTINAMIACHD
12345678,DY,3157963842,07/05/2019,$,1293.54,0.00,1293.54,,156.07,,,,,,,,1173,,PASSUELO/VIOLETAJAZMINCHD
12345678,DY,3157963843,07/05/2019,$,0.00,0.00,0.00,,0.00,,,,,,,,1173,,PASSUELO/ISABELLAEMMAINF
12345678,DY,3157963844,07/05/2019,$,1264.67,0.00,1264.67,,154.94,,,,,,,,1174,,POLISZCZUK/LORENAJOHANAMRS
12345678,DY,3157963845,07/05/2019,$,1264.67,0.00,1264.67,,154.94,,,,,,,,1174,,PASSUELO/JULIETAKIARAMRS
12345678,DY,3157963846,07/05/2019,$,993.31,0.00,993.31,,144.37,,,,,,,,1174,,PASSUELO/MARTINAMIACHD
12345678,DY,3157963847,07/05/2019,$,993.31,0.00,993.31,,144.37,,,,,,,,1174,,PASSUELO/VIOLETAJAZMINCHD
12345678,DY,3157963848,07/05/2019,$,0.00,0.00,0.00,,0.00,,,,,,,,1174,,PASSUELO/ISABELLAEMMAINF
12345678,KL,3157963849,07/05/2019,$,10064.90,0.00,10064.90,,5656.90,,,,,,,,1175,,VELARDE/JUANJOSEMR
12345678,KL,3157963850,07/05/2019,$,10064.90,0.00,10064.90,,5656.90,,,,,,,,1175,,CASTROLOPEZ/MARIALORENAMRS
12345678,KL,3157963851,07/05/2019,$,10064.90,0.00,10064.90,,5656.90,,,,,,,,1175,,LOPEZ/MARIANELIDAMRS
12345678,KL,3157963852,07/05/2019,$,10064.90,0.00,10064.90,,5656.90,,,,,,,,1175,,VELARDE/MARTINAMRS
12345678,KL,3157963853,07/05/2019,$,8875.00,0.00,8875.00,,5579.00,,,,,,,,1175,,VELARDE/JULIANACHD
12345678,DY,3157963854,07/05/2019,$,,,0.00,,0.00,,,,,,,,1176,,CHIRENO/CARMENMRS
12345678,AR,3157963855,07/05/2019,$,,,0.00,,0.00,,,,,,,,17374,,CHIRENO/CARMENMRS
12345678,AR,3157963860,07/05/2019,$,4335.32,0.00,4335.32,,380.26,,,,,,,,17375,,URUENA/EDMUNDO
12345678,4M,3157963861,07/05/2019,$,1351.27,0.00,1351.27,,158.32,,,,,,,,17376,,MARQUEZLEMA/MARIAALEJANDRAMRS
12345678,4M,3157963862,07/05/2019,$,1351.27,0.00,1351.27,,158.32,,,,,,,,17376,,FARIOLI/ALEJANDRAMRS
12345678,4M,3157963863,07/05/2019,$,1351.27,0.00,1351.27,,158.32,,,,,,,,17376,,HEREDIA/FLORENCIAAYELENMRS
12345678,4M,3157963864,07/05/2019,$,1351.27,0.00,1351.27,,158.32,,,,,,,,17376,,ZALAZAR/MARIAFLORENCIAMRS
12345678,LA,3157963865,07/05/2019,$,31683.80,0.00,31683.80,,5832.80,,,,,,,,17377,,MORALES/DANIELANTONIOMR
12345678,LA,3157963866,07/05/2019,$,31683.80,0.00,31683.80,,5832.80,,,,,,,,17377,,TESEYRA/NATALIADELOSANGELESMRS
12345678,G3,3157963867,07/05/2019,$,0.00,8107.40,8107.40,,703.40,,,,,,,,17378,,QUIROZ/VANESAELISABETMRS
12345678,AR,3157963868,07/05/2019,$,6624.90,0.00,6624.90,,363.83,,,,,,,,17379,,GUALDONI/MARIAFLORENCIAMRS
12345678,AR,3157963869,07/05/2019,$,3347.79,0.00,3347.79,,236.12,,,,,,,,17380,,GUALDONI/MARIAFLORENCIAMRS
12345678,4M,3157963870,07/05/2019,$,1351.27,0.00,1351.27,,158.32,,,,,,,,17381,,NIETO/DAYANALUCIANAMRS
12345678,LA,3157963871,07/05/2019,$,0.00,18678.50,18678.50,,5581.50,,,,,,,,17382,,BENVENUTI/YAMILAELICEHTMRS
12345678,LA,3157963872,07/05/2019,$,,,0.00,,0.00,,,,,,,,17382,,BENVENUTI/YAMILAELICEHTMRS
12345678,DL,3157963873,07/05/2019,$,10712.80,0.00,10712.80,,1316.80,,,,,,,,17383,,LORDEN/NICOLASMR
12345678,DL,3157963874,07/05/2019,$,10712.80,0.00,10712.80,,1316.80,,,,,,,,17383,,SANTILLAN/DANIELAMRS
12345678,DL,3157963875,07/05/2019,$,10712.80,0.00,10712.80,,1316.80,,,,,,,,17383,,LORDEN/SOPHIACHD
12345678,IB,3157963876,07/05/2019,$,31469.30,0.00,31469.30,,5575.30,,,,,,,,17384,,MURILLO/HERNANESTEBANMR
12345678,4M,3157963877,07/05/2019,$,0.00,9365.30,9365.30,,576.28,,,,,,,,17385,,SALGADO/PATRICIAMRS
12345678,4M,3157963878,07/05/2019,$,5369.95,0.00,5369.95,,420.58,,,,,,,,17386,,QUINTANA/MIGUELANGELMR
12345678,UA,3157963879,07/05/2019,$,35919.20,0.00,35919.20,,7671.20,,,,,,,,17387,,MARTINEZ/MARIANOLUCASMR
12345678,4M,3157963880,07/05/2019,$,2954.03,0.00,2954.03,,220.78,,,,,,,,17388,,CHIRENO/CARMENDELVALLEMRS
12345678,AR,3157963881,07/05/2019,$,5040.62,0.00,5040.62,,302.09,,,,,,,,17389,,CHIRENO/CARMENDELVALLEMRS
12345678,DY,3157963882,07/05/2019,$,1900.92,0.00,1900.92,,179.74,,,,,,,,17390,,DECORTE/EDGARDOLUISMR
12345678,DY,3157963883,07/05/2019,$,1900.92,0.00,1900.92,,179.74,,,,,,,,17390,,DECORTE/LEDABEATRIZMRS
12345678,AR,3157963884,07/05/2019,$,6781.03,0.00,6781.03,,475.57,,,,,,,,17391,,FARINAROTELA/PEDROLUISMR
12345678,TK,3157963885,07/05/2019,$,24831.00,0.00,24831.00,,16717.00,,,,,,,,17392,,GEMETTO/LORENAANDREAMRS
12345678,G3,3157963886,07/05/2019,$,33489.50,0.00,33489.50,,6867.50,,,,,,,,17393,,VALENTINI/MARIAEMILIAMRS
12345678,G3,3157963887,07/05/2019,$,33489.50,0.00,33489.50,,6867.50,,,,,,,,17393,,MASINE/ANABELMRS
12345678,DY,3157963888,07/05/2019,$,2528.18,0.00,2528.18,,309.84,,,,,,,,17394,,LIBOSSART/JULIETAMRS
12345678,IB,3157963889,07/05/2019,$,0.00,17303.90,17303.90,,1045.90,,,,,,,,17395,,LANDILACAVA/MARIAFRANCISCAMRS
12345678,4M,3157963890,07/05/2019,$,5838.54,0.00,5838.54,,333.19,,,,,,,,17396,,LANGHI/MARIAMRS
12345678,DY,3157963891,07/05/2019,$,1460.97,0.00,1460.97,,162.59,,,,,,,,17397,,LANGHI/MARIAMRS
12345678,AR,3157963892,07/05/2019,$,0.00,8987.63,8987.63,,561.54,,,,,,,,17398,,COENES/PATRICIACIRENEMRS
12345678,AR,3157963893,07/05/2019,$,,,0.00,,0.00,,,,,,,,17398,,COENES/PATRICIACIRENEMRS
12345678,AR,3157963894,07/05/2019,$,0.00,8987.63,8987.63,,561.54,,,,,,,,17398,,ARDANAZ/IGNACIOPABLOMR
12345678,AR,3157963895,07/05/2019,$,,,0.00,,0.00,,,,,,,,17398,,ARDANAZ/IGNACIOPABLOMR
12345678,CM,3157963896,07/05/2019,$,21497.40,0.00,21497.40,,6346.40,,,,,,,,17399,,VERNAZ/NORMALILIANAMRS
12345678,CM,3157963897,07/05/2019,$,21497.40,0.00,21497.40,,6346.40,,,,,,,,17399,,MATEOS/SANTIAGOMR
12345678,AZ,3157963900,07/05/2019,$,62616.20,0.00,62616.20,,29446.20,,,,,,,,17400,,GUADADELCASTILLO/OSVALDOMR
12345678,AZ,3157963901,07/05/2019,$,62616.20,0.00,62616.20,,29446.20,,,,,,,,17400,,CANOBA/ANALIACECILIAMRS
12345678,AZ,3157963902,07/05/2019,$,62616.20,0.00,62616.20,,29446.20,,,,,,,,17400,,GUADA/ANAPAULAMRS
12345678,AR,3157963903,07/05/2019,$,0.00,4983.13,4983.13,,405.51,,,,,,,,17401,,LOPEZAGUIRRE/MARTINJAVIERMRS
12345678,AR,3157963904,07/05/2019,$,,,0.00,,0.00,,,,,,,,17401,,LOPEZAGUIRRE/MARTINJAVIERMRS
12345678,AR,3157963905,07/05/2019,$,0.00,4983.13,4983.13,,405.51,,,,,,,,17401,,CAMANO/VANESACONSTANZAMRS
12345678,AR,3157963906,07/05/2019,$,,,0.00,,0.00,,,,,,,,17401,,CAMANO/VANESACONSTANZAMRS
12345678,AR,3157963907,07/05/2019,$,0.00,4507.29,4507.29,,386.94,,,,,,,,17401,,LOPEZAGUIRRE/GUIDOCHD
12345678,AR,3157963908,07/05/2019,$,,,0.00,,0.00,,,,,,,,17401,,LOPEZAGUIRRE/GUIDOCHD
12345678,4M,3157963909,07/05/2019,$,6621.68,0.00,6621.68,,469.36,,,,,,,,17402,,ABURTO/ELVIRAMAGDALENAMRS
12345678,4M,3157963910,07/05/2019,$,6621.68,0.00,6621.68,,469.36,,,,,,,,17402,,SOTO/SEGUNDOCATALINOMR
12345678,DY,3157963911,07/05/2019,$,7478.48,0.00,7478.48,,502.75,,,,,,,,17403,,MOYARANDO/JUANMR
12345678,DY,3157963912,07/05/2019,$,7478.48,0.00,7478.48,,502.75,,,,,,,,17403,,ALDAO/CLAUDIAMRS
12345678,AV,3157963913,07/05/2019,$,4797.00,0.00,4797.00,,1202.00,,,,,,,,17404,,LEANO/JUANMANUELMR
12345678,AV,3157963914,07/05/2019,$,4797.00,0.00,4797.00,,1202.00,,,,,,,,17404,,GOMEZ/HILDAPATRICIAMRS
12345678,AV,3157963915,07/05/2019,$,4797.00,0.00,4797.00,,1202.00,,,,,,,,17404,,MAYORGA/MARIATERESAMRS
12345678,AV,3157963916,07/05/2019,$,4797.00,0.00,4797.00,,1202.00,,,,,,,,17404,,LEANO/MARCOELADIOMR
12345678,AR,3157963917,07/05/2019,$,0.00,15862.70,15862.70,,723.83,,,,,,,,17405,,CHIRINO/CAROLAVANESAMRS
12345678,AR,3157963918,07/05/2019,$,0.00,14287.65,14287.65,,662.45,,,,,,,,17405,,MATULICH/RENZOCHD
12345678,AA,3157963919,07/05/2019,$,39089.20,0.00,39089.20,,15977.20,,,,,,,,17406,,PISAURI/ANDRESMR
12345678,AR,3157963920,07/05/2019,$,7622.83,0.00,7622.83,,508.38,,,,,,,,17407,,MANES/PAOLALUDMILAMRS
12345678,AR,3157963921,07/05/2019,$,6882.64,0.00,6882.64,,479.53,,,,,,,,17407,,MUNOZMANES/MALENACHD
12345678,AR,3157963922,07/05/2019,$,6882.64,0.00,6882.64,,479.53,,,,,,,,17407,,MUNOZMANES/MATEOCHD
12345678,DY,3157963923,07/05/2019,$,5566.26,0.00,5566.26,,428.23,,,,,,,,17408,,VOLPI/FLAVIOMATIASMR
12345678,DY,3157963924,07/05/2019,$,5566.26,0.00,5566.26,,428.23,,,,,,,,17408,,STRATTA/VANINASOLEDADMRS
12345678,4M,3157963925,07/06/2019,$,,,0.00,,0.00,,,,,,,,17409,,PAGURA/DANIELAGISELLMRS
12345678,4M,3157963926,07/06/2019,$,,,0.00,,0.00,,,,,,,,17409,,SALDUMBERE/VIVIANAMRS
12345678,EK,3157963927,07/06/2019,$,65940.80,0.00,65940.80,,38462.80,,,,,,,,17410,,NIKLEWICZ/WENDYMRS
12345678,EK,3157963928,07/06/2019,$,89479.70,0.00,89479.70,,40002.70,,,,,,,,17411,,COZZANI/JUANPABLOMR
12345678,DY,3157963929,07/06/2019,$,2528.18,0.00,2528.18,,309.84,,,,,,,,17412,,BADINO/CARINAELISABETMRS
12345678,LA,3157963930,07/06/2019,$,7124.90,0.00,7124.90,,4042.90,,,,,,,,17413,,ISOLA/LUCASRAULMR
12345678,AR,3157963931,07/06/2019,$,5723.22,0.00,5723.22,,434.33,,,,,,,,17414,,SANCRISTOBAL/FLORENCIOMR
12345678,AR,3157963932,07/06/2019,$,5723.22,0.00,5723.22,,434.33,,,,,,,,17414,,SANCRISTOBAL/EMILIANOMR
12345678,LA,3157963933,07/06/2019,$,13747.40,0.00,13747.40,,4930.40,,,,,,,,17415,,ALLE/JUANPABLOMR
12345678,DY,3157963934,07/06/2019,$,3165.50,0.00,3165.50,,334.65,,,,,,,,17416,,SUAREZ/MIGUELANGELMR
12345678,DY,3157963935,07/06/2019,$,17896.60,0.00,17896.60,,4671.60,,,,,,,,17417,,FERNANDEZRECALDE/MARIANAMRS
12345678,AV,3157963936,07/06/2019,$,5114.60,0.00,5114.60,,1176.60,,,,,,,,17418,,TORRIANI/EDUARDOARIELMR
12345678,AV,3157963937,07/06/2019,$,5114.60,0.00,5114.60,,1176.60,,,,,,,,17418,,BERNALMARTINEZ/ALEJANDRAMRS
12345678,LX,3157963938,07/06/2019,$,8906.60,0.00,8906.60,,2482.60,,,,,,,,17419,,JUSTINIANO/GABRIELMR
12345678,LX,3157963939,07/06/2019,$,8906.60,0.00,8906.60,,2482.60,,,,,,,,17419,,FREYTAGPITA/MARIAMRS
12345678,AA,3157963940,07/06/2019,$,32900.30,0.00,32900.30,,25881.30,,,,,,,,17420,,MARTINO/ANTONIOAURELIOMR
12345678,AR,3157963941,07/06/2019,$,10124.12,0.00,10124.12,,569.39,,,,,,,,17421,,SANGUESA/MARINAMRS
12345678,AR,3157963942,07/06/2019,$,9129.82,0.00,9129.82,,530.62,,,,,,,,17421,,DIAZSANGUESA/OLIVIACHD
12345678,IB,3157963943,07/06/2019,$,8550.90,0.00,8550.90,,967.90,,,,,,,,17422,,NEME/ANDREAEMILIAMRS
12345678,IB,3157963944,07/06/2019,$,4514.60,0.00,4514.60,,1036.60,,,,,,,,17423,,NEME/ANDREAEMILIAMRS
12345678,UA,3157963945,07/06/2019,$,35415.20,0.00,35415.20,,7638.20,,,,,,,,17424,,COLLASIUS/DANIELMR
12345678,AR,3157963946,07/06/2019,$,16375.60,0.00,16375.60,,5119.60,,,,,,,,17425,,BIGGIOTTI/CAMILABELENMRS
12345678,AR,3157963947,07/06/2019,$,16375.60,0.00,16375.60,,5119.60,,,,,,,,17425,,PEREYRA/ALENMR
12345678,AR,3157963948,07/06/2019,$,4317.76,0.00,4317.76,,273.92,,,,,,,,17870,,COLLAZO/JOSEMARIAMR
12345678,AR,3157963949,07/06/2019,$,4317.76,0.00,4317.76,,273.92,,,,,,,,17870,,PUJOL/ROBERTAJULIANAMRS
12345678,AR,3157963950,07/06/2019,$,0.00,0.00,0.00,,0.00,,,,,,,,17870,,COLLAZO/ROMAINF
12345678,DY,3157963951,07/06/2019,$,1608.77,0.00,1608.77,,168.35,,,,,,,,17426,,COLLAZO/JOSEMARIAMR
12345678,DY,3157963952,07/06/2019,$,1608.77,0.00,1608.77,,168.35,,,,,,,,17426,,PUJOL/ROBERTAJULIANAMRS
12345678,4M,3157963954,07/06/2019,$,2582.21,0.00,2582.21,,206.29,,,,,,,,17427,,ROBLES/RAMONROBERTOMR
12345678,TK,3157963955,07/06/2019,$,,,0.00,,0.00,,,,,,,,17428,,CHAYO/EITANABRAHAMDAVIDMR
12345678,AR,3157963956,07/06/2019,$,0.00,7229.06,7229.06,,493.03,,,,,,,,17429,,ANTUNEZDASILVA/MARIALUISAMRS
12345678,AR,3157963957,07/06/2019,$,0.00,7229.06,7229.06,,493.03,,,,,,,,17429,,DOSSANTOS/AMELIAMRS
12345678,AR,3157963958,07/06/2019,$,0.00,7229.06,7229.06,,493.03,,,,,,,,17429,,ALARCON/VALERIAMAGALIMRS
12345678,DY,3157963959,07/06/2019,$,17269.70,0.00,17269.70,,4992.70,,,,,,,,17430,,BRIONES/BRUNOMR
12345678,DY,3157963960,07/06/2019,$,46184.40,0.00,46184.40,,5781.40,,,,,,,,17431,,BRIONES/BRUNOMR
12345678,AR,3157963961,07/06/2019,$,5357.17,0.00,5357.17,,420.06,,,,,,,,17432,,RUIZ/JUANIGNACIOMR
12345678,DY,3157963962,07/06/2019,$,1608.77,0.00,1608.77,,168.35,,,,,,,,17433,,RIVERA/MAXIMILIANOJAVIERMR
12345678,DY,3157963963,07/06/2019,$,1608.77,0.00,1608.77,,168.35,,,,,,,,17433,,PERSIA/MARIAGIMENAMRS
12345678,DY,3157963964,07/06/2019,$,3724.23,0.00,3724.23,,250.79,,,,,,,,17434,,ALVAREZSIEBEN/MARTINMR
12345678,EK,3157963965,07/06/2019,$,10509.40,0.00,10509.40,,4774.40,,,,,,,,17435,,ROMEO/DIEGOMARIANOMR
12345678,EK,3157963966,07/06/2019,$,10509.40,0.00,10509.40,,4774.40,,,,,,,,17435,,ROMEO/IGNACIOTOMASMR
12345678,EK,3157963967,07/06/2019,$,10509.40,0.00,10509.40,,4774.40,,,,,,,,17435,,ROMEO/SANTIAGOFRANCISCOMR
12345678,AD,3157963968,07/06/2019,$,9573.90,0.00,9573.90,,1698.90,,,,,,,,17436,,ROMEO/DIEGOMARIANOMR
12345678,AD,3157963969,07/06/2019,$,9573.90,0.00,9573.90,,1698.90,,,,,,,,17436,,ROMEO/IGNACIOTOMASMR
12345678,AD,3157963970,07/06/2019,$,9573.90,0.00,9573.90,,1698.90,,,,,,,,17436,,ROMEO/SANTIAGOFRANCISCOMR
12345678,DY,3157963971,07/06/2019,$,1608.77,0.00,1608.77,,168.35,,,,,,,,17437,,VILLARREAL/MONICAELIZABETMRS
12345678,DY,3157963972,07/06/2019,$,1608.77,0.00,1608.77,,168.35,,,,,,,,17437,,CARDOSO/PABLOFABRICIOMR
12345678,DY,3157963973,07/06/2019,$,1608.77,0.00,1608.77,,168.35,,,,,,,,17437,,CARDOSO/SANTIAGOMR
12345678,DY,3157963974,07/06/2019,$,1256.59,0.00,1256.59,,154.63,,,,,,,,17437,,CARDOSO/JUAMPABLOCHD
12345678,AR,3157963975,07/06/2019,$,1921.71,0.00,1921.71,,180.55,,,,,,,,17438,,VILLARREAL/MONICAELIZABETMRS
12345678,AR,3157963976,07/06/2019,$,1921.71,0.00,1921.71,,180.55,,,,,,,,17438,,CARDOSO/PABLOFABRICIOMR
12345678,AR,3157963977,07/06/2019,$,1921.71,0.00,1921.71,,180.55,,,,,,,,17438,,CARDOSO/SANTIAGOMR
12345678,AR,3157963978,07/06/2019,$,1740.41,0.00,1740.41,,173.48,,,,,,,,17438,,CARDOSO/JUAMPABLOCHD
12345678,CM,3157963979,07/06/2019,$,32051.10,0.00,32051.10,,8083.10,,,,,,,,17439,,MAMANIBISOGNIN/SOFIAMRS
12345678,CM,3157963980,07/06/2019,$,32051.10,0.00,32051.10,,8083.10,,,,,,,,17439,,CHUMPITAZNAUPA/ANTONELLAMRS
12345678,4M,3157963981,07/07/2019,$,1978.29,0.00,1978.29,,182.75,,,,,,,,17440,,ESCUDERO/ELVAMRS
12345678,4M,3157963982,07/07/2019,$,1978.29,0.00,1978.29,,182.75,,,,,,,,17440,,VELARDE/RUBENMR
12345678,4M,3157963983,07/07/2019,$,,,0.00,,0.00,,,,,,,,17441,,PELUZZI/MARCELOALEJANDROMR
12345678,4M,3157963984,07/07/2019,$,,,0.00,,0.00,,,,,,,,17441,,CALZON/MARIANAPAULAMRS
12345678,4M,3157963985,07/07/2019,$,,,0.00,,0.00,,,,,,,,17441,,PELUZZI/JUANIGNACIOMR
12345678,4M,3157963986,07/07/2019,$,,,0.00,,0.00,,,,,,,,17441,,PELUZZI/VALENTINACHD
12345678,UA,3157963987,07/07/2019,$,27915.60,0.00,27915.60,,7371.60,,,,,,,,17442,,ZOTTER/PAULAMRS
12345678,UA,3157963988,07/07/2019,$,36560.10,0.00,36560.10,,7713.10,,,,,,,,17443,,GRATAROLA/ANAHICECILIAMRS
12345678,4M,3157963989,07/07/2019,$,0.00,37633.30,37633.30,,8187.30,,,,,,,,17441,,PELUZZI/MARCELOALEJANDROMR
12345678,4M,3157963990,07/07/2019,$,0.00,37633.30,37633.30,,8187.30,,,,,,,,17441,,CALZON/MARIANAPAULAMRS
12345678,4M,3157963991,07/07/2019,$,0.00,37633.30,37633.30,,8187.30,,,,,,,,17441,,PELUZZI/JUANIGNACIOMR
12345678,4M,3157963992,07/07/2019,$,0.00,35847.50,35847.50,,8070.50,,,,,,,,17441,,PELUZZI/VALENTINACHD
12345678,4M,3157963993,07/07/2019,$,0.00,1978.29,1978.29,,182.75,,,,,,,,17444,,JAKAB/ARPADMR
12345678,4M,3157963994,07/07/2019,$,0.00,1978.29,1978.29,,182.75,,,,,,,,17444,,SANCHEZ/SARAMABELMRS
12345678,DY,3157963995,07/07/2019,$,2577.59,0.00,2577.59,,206.11,,,,,,,,17445,,JAKAB/ARPADMR
12345678,DY,3157963996,07/07/2019,$,2577.59,0.00,2577.59,,206.11,,,,,,,,17445,,SANCHEZ/SARAMABELMRS
12345678,AR,3157963997,07/07/2019,$,11016.70,0.00,11016.70,,5152.70,,,,,,,,17446,,SZMUC/LEONARDOESTEBANMR
12345678,DY,3157963998,07/07/2019,$,2838.57,0.00,2838.57,,391.68,,,,,,,,17447,,MARTIN/SANDRAMRS
12345678,AZ,3157963999,07/07/2019,$,0.00,6429.80,6429.80,,2806.80,,,,,,,,17448,,LOPEZ/ANAMARIAMRS
12345678,AZ,3157964000,07/07/2019,$,0.00,6429.80,6429.80,,2806.80,,,,,,,,17448,,RIZZZO/DANIELALBERTOMR
12345678,LA,3157964001,07/07/2019,$,0.00,16375.60,16375.60,,5119.60,,,,,,,,17449,,TAVIERES/JORGEOMARMR
12345678,AR,3157964002,07/07/2019,$,12239.30,0.00,12239.30,,3294.30,,,,,,,,17450,,GIGLIOTTI/NOELAMRS
12345678,AR,3157964003,07/07/2019,$,10212.79,0.00,10212.79,,467.19,,,,,,,,17451,,ODURNIN/SANTIAGOMR
12345678,AR,3157964004,07/07/2019,$,3396.53,0.00,3396.53,,343.68,,,,,,,,17452,,ATTAGUILE/ALBERTOHUGOMR
12345678,AR,3157964005,07/07/2019,$,3396.53,0.00,3396.53,,343.68,,,,,,,,17452,,RUSSO/ADRIANAMRS
12345678,AR,3157964006,07/07/2019,$,3078.90,0.00,3078.90,,331.28,,,,,,,,17452,,ATTAGUILERUSSO/MATEOCHD
12345678,AR,3157964007,07/07/2019,$,9705.95,0.00,9705.95,,589.56,,,,,,,,17453,,LLOVERA/VICTORIAMRS
12345678,AR,3157964008,07/07/2019,$,5220.75,0.00,5220.75,,309.11,,,,,,,,17454,,HEVIA/EDUARDOMR
12345678,AR,3157964009,07/07/2019,$,5220.75,0.00,5220.75,,309.11,,,,,,,,17454,,ROBLES/ANAHIMRS
12345678,LA,3157964010,07/07/2019,$,39144.10,0.00,39144.10,,7686.10,,,,,,,,17455,,BOGLIOLO/MARIAFLORENCIAMRS
12345678,LA,3157964011,07/07/2019,$,39144.10,0.00,39144.10,,7686.10,,,,,,,,17455,,DELVAL/SILVANARAQUELMRS
12345678,KL,3157964012,07/07/2019,$,0.00,10585.60,10585.60,,1746.60,,,,,,,,17456,,PEREYRA/GABRIELEMILIOMR
12345678,KL,3157964013,07/07/2019,$,0.00,10585.60,10585.60,,1746.60,,,,,,,,17456,,MARTINEZ/ANAPAULAMRS
12345678,DY,3157964014,07/07/2019,$,1903.08,0.00,1903.08,,249.59,,,,,,,,17457,,PUCHI/CARLOSEDUARDOMR
12345678,DY,3157964015,07/07/2019,$,1903.08,0.00,1903.08,,249.59,,,,,,,,17457,,ALMANZA/NATALIAGUILLERMINAMRS
12345678,AR,3157964016,07/07/2019,$,4684.96,0.00,4684.96,,288.23,,,,,,,,17458,,PUCHI/CARLOSEDUARDOMR
12345678,AR,3157964017,07/07/2019,$,4684.96,0.00,4684.96,,288.23,,,,,,,,17458,,ALMANZA/NATALIAGUILLERMINAMRS
12345678,AR,3157964018,07/07/2019,$,,,0.00,,0.00,,,,,,,,17459,,MONTEBELLI/MARIAANTONELLAMRS
12345678,4M,3157964019,07/07/2019,$,3238.10,0.00,3238.10,,231.85,,,,,,,,17460,,MONTEBELLI/MARIAANTONELLAMRS
12345678,AR,3157964020,07/07/2019,$,3806.22,0.00,3806.22,,253.99,,,,,,,,17459,,MONTEBELLI/MARIAANTONELLAMRS
12345678,LA,3157964021,07/07/2019,$,20147.20,0.00,20147.20,,5895.20,,,,,,,,17461,,CABALLEROLESCANO/DONICIAMRS
12345678,CM,3157964022,07/07/2019,$,34442.50,0.00,34442.50,,7478.50,,,,,,,,17462,,MONOPOLI/MONICABEATRIZMRS
12345678,CM,3157964023,07/07/2019,$,34442.50,0.00,34442.50,,7478.50,,,,,,,,17462,,MORALES/ELVIRAANAMRS
12345678,IB,3157964024,07/07/2019,$,3447.90,0.00,3447.90,,984.90,,,,,,,,17463,,MACIAS/ANASALOMEMRS
12345678,AR,3157964025,07/07/2019,$,3027.94,0.00,3027.94,,223.66,,,,,,,,17464,,HANON/PATRICIAMARCELAMRS
12345678,4M,3157964026,07/07/2019,$,4030.24,0.00,4030.24,,262.72,,,,,,,,17465,,HANON/PATRICIAMARCELAMRS
12345678,4M,3157964027,07/07/2019,$,1838.57,0.00,1838.57,,177.31,,,,,,,,17466,,VELARDEESCUDERO/SANTIAGOMR
12345678,AR,3157964028,07/07/2019,$,0.00,10202.24,10202.24,,503.24,,,,,,,,17467,,TAPIA/GABRIELAGISELAMRS
12345678,AZ,3157964029,07/07/2019,$,2873.00,0.00,2873.00,,796.00,,,,,,,,17468,,MEDINA/LEANDROFACUNDOMR
12345678,AZ,3157964030,07/07/2019,$,2873.00,0.00,2873.00,,796.00,,,,,,,,17468,,LORENZO/LORELEYPAMELAMRS
12345678,DL,3157964031,07/07/2019,$,3993.00,0.00,3993.00,,848.00,,,,,,,,17469,,PUCCAR/RODRIGOMR
12345678,DL,3157964032,07/07/2019,$,3993.00,0.00,3993.00,,848.00,,,,,,,,17469,,JANICKI/JESSICACARLAMRS
12345678,DY,3157964033,07/07/2019,$,9214.04,0.00,9214.04,,570.39,,,,,,,,17470,,GIMENO/JAIMEMR
12345678,DY,3157964034,07/07/2019,$,9214.04,0.00,9214.04,,570.39,,,,,,,,17470,,GONZALEZDEPRADO/MARIAGIMENAMRS
12345678,DY,3157964035,07/07/2019,$,0.00,0.00,0.00,,0.00,,,,,,,,17470,,GIMENO/MARIAELEONORAINF
12345678,G3,3157964036,07/07/2019,$,22877.90,0.00,22877.90,,6099.90,,,,,,,,17471,,DUEK/RAULALFREDOMR
12345678,G3,3157964037,07/07/2019,$,22877.90,0.00,22877.90,,6099.90,,,,,,,,17471,,ALVAREZ/ANAVICTORIAMRS
12345678,AR,3157964038,07/07/2019,$,4998.13,0.00,4998.13,,406.09,,,,,,,,17472,,CES/MARISAMRS
12345678,AR,3157964039,07/07/2019,$,4998.13,0.00,4998.13,,406.09,,,,,,,,17472,,MUSTONI/JORGEOSCARMR
12345678,AR,3157964040,07/07/2019,$,0.00,3495.59,3495.59,,241.88,,,,,,,,17473,,GIMENEZ/MARIODANIELMR
12345678,AR,3157964041,07/07/2019,$,0.00,3495.59,3495.59,,241.88,,,,,,,,17473,,ARCE/SABINALUCIAMR
12345678,HR,3157964042,07/07/2019,$,4320.90,0.00,4320.90,,2394.90,,,,,,,,17474,,PALOMEQUE/JAVIERALBERTOMR
12345678,HR,3157964043,07/07/2019,$,4320.90,0.00,4320.90,,2394.90,,,,,,,,17474,,PALOMEQUE/EDDAEMILCEMRS
12345678,HR,3157964044,07/07/2019,$,4320.90,0.00,4320.90,,2394.90,,,,,,,,17474,,ROMERO/ANAGLADYSMRS
12345678,HR,3157964045,07/07/2019,$,4320.90,0.00,4320.90,,2394.90,,,,,,,,17474,,BONFANTI/MARIACLARAMRS
12345678,LH,3157964046,07/07/2019,$,3926.80,0.00,3926.80,,2149.80,,,,,,,,17475,,PISSONI/SOFIACAROLINAMRS
12345678,AZ,3621047414,07/07/2019,$,3735.80,0.00,3735.80,,1658.80,,,,,,,,11056,,LORENZO/LORELEY PAMELA
12345678,AZ,3621047415,07/07/2019,$,3735.80,0.00,3735.80,,1658.80,,,,,,,,11056,,MEDINA/LEANDRO FACUNDO
12345678,LA,3621179994,07/07/2019,$,0.00,6270.40,6270.40,,350.02,,,,,,,,11054,,MARTINEZ/DORA ALICIA
12345678,LA,3621179995,07/07/2019,$,0.00,6270.40,6270.40,,350.02,,,,,,,,11054,,MICHELI/PABLO NELSON
12345678,AR,3621179996,07/07/2019,$,0.00,6378.95,6378.95,,354.25,,,,,,,,11000,,MARTINEZ/DORA ALICIA
12345678,AR,3621179997,07/07/2019,$,0.00,6378.95,6378.95,,354.25,,,,,,,,11000,,MICHELI/PABLO NELSON
12345678,AA,3621180002,07/07/2019,$,53150.10,0.00,53150.10,,8665.10,,,,,,,,11058,,BANOS/ADRIANA ALEJANDRA
12345678,AA,3621180003,07/07/2019,$,53150.10,0.00,53150.10,,8665.10,,,,,,,,11058,,LOZANOBANOS/JUAN PABLO
12345678,AA,3621180004,07/07/2019,$,53150.10,0.00,53150.10,,8665.10,,,,,,,,11058,,LOZANOCORREA/NEMESIO
12345678,AA,3621625960,07/07/2019,$,42041.10,0.00,42041.10,,8665.10,,,,,,,,11058,,LOZANOBANOS/CATALINA LUZ
